
set I:= 1	2	3	4	5	6	7	8	9	10	11	12	13	14	15	16	17	18	19	20	21	22	23	24	25	26	27	28	29	30	31	32	33	34	35	36	37	38	39	40	41	42	43	44	45	46	47	48	49	50	51	52	53	54	55	56	57	58	59	60	61	62	63	64	65	66	67	68	69	70	71	72	73	74	75	76	77	78	79	80	81	82	83	84	85	86	87	88	89	90	91	92	93	94	95	96	97	98	99	100	;

set J:= 1	2	3	4	5	6	7	8	9	10	11	12	13	14	15	16	17	18	19	20	21	22	23	24	25	26	27	28	29	30	;

set W:= 1	2	3	4	5	6	7	8	9	10	;

param P:= 5;


param D: 1	2	3	4	5	6	7	8	9	10:=
1	152	131	92	163	141	135	183	178	190	136	
2	138	129	57	171	166	198	150	141	154	174	
3	135	169	104	71	20	170	125	148	113	136	
4	177	112	114	151	196	129	129	171	121	129	
5	140	124	74	141	123	198	163	141	201	137	
6	135	198	101	124	135	122	215	132	169	152	
7	193	169	177	155	165	157	185	157	129	135	
8	128	110	152	165	164	95	94	84	180	157	
9	185	110	156	159	145	148	93	87	136	218	
10	186	110	161	188	177	177	160	180	156	157	
11	98	158	147	158	130	116	187	170	102	159	
12	135	92	119	120	170	141	182	142	154	167	
13	165	123	110	237	152	139	163	210	193	109	
14	174	178	162	202	153	165	184	207	195	153	
15	236	139	85	216	189	120	152	162	182	143	
16	206	140	189	115	162	134	137	115	152	197	
17	179	135	211	182	183	150	143	211	124	136	
18	122	167	143	91	110	198	113	117	98	80	
19	200	181	205	129	129	229	184	156	194	107	
20	188	139	115	110	186	155	146	167	170	197	
21	155	174	188	154	136	104	140	219	117	167	
22	210	140	145	68	97	130	191	194	203	98	
23	163	208	139	253	110	139	160	155	76	139	
24	170	106	144	183	107	142	142	139	133	156	
25	79	138	138	184	182	55	176	104	182	180	
26	119	151	124	173	203	160	131	190	145	152	
27	130	140	129	85	95	87	153	145	184	89	
28	276	196	159	57	149	129	142	79	136	170	
29	155	53	82	164	191	80	84	178	153	140	
30	100	98	179	171	118	123	167	136	135	141	
31	165	134	155	159	165	83	186	79	130	178	
32	147	170	157	156	151	126	123	132	138	126	
33	104	180	139	80	160	122	202	173	117	124	
34	125	186	149	176	212	159	186	123	184	146	
35	91	110	200	186	165	105	213	136	126	152	
36	166	135	151	128	148	128	146	105	170	98	
37	90	148	131	165	145	147	122	130	163	206	
38	144	193	174	86	112	107	211	149	152	173	
39	179	98	138	139	149	109	254	237	118	189	
40	152	131	159	176	160	174	147	168	201	123	
41	163	106	115	119	143	197	187	152	189	225	
42	89	120	133	192	217	161	182	119	201	136	
43	148	216	138	234	211	117	166	202	170	190	
44	101	127	146	175	157	180	202	170	115	112	
45	137	133	120	131	206	192	137	158	196	122	
46	143	214	191	152	179	170	132	147	139	99	
47	128	159	139	152	151	215	152	151	107	186	
48	131	192	162	125	186	149	165	178	138	126	
49	129	150	140	115	132	114	143	148	172	147	
50	210	164	127	89	116	154	154	185	139	110	
51	216	161	125	115	206	139	176	188	144	148	
52	193	191	185	158	152	228	165	156	111	115	
53	172	152	137	127	204	116	146	50	186	239	
54	132	83	189	236	121	51	125	144	125	200	
55	226	190	202	126	140	118	79	132	210	131	
56	153	127	180	167	189	143	226	164	133	133	
57	151	186	184	122	179	150	163	157	194	106	
58	168	171	150	174	181	167	131	228	176	204	
59	139	100	167	122	139	149	163	142	151	91	
60	152	141	125	132	124	143	125	146	128	96	
61	194	174	166	92	149	181	136	120	116	181	
62	203	191	119	162	122	69	112	130	134	85	
63	139	164	90	155	138	186	124	145	159	147	
64	127	168	153	136	161	219	213	163	115	235	
65	147	162	113	136	173	123	142	115	191	138	
66	176	114	129	187	89	125	127	181	134	113	
67	103	208	198	158	188	169	134	159	179	101	
68	144	123	121	143	121	172	202	146	191	195	
69	118	147	146	94	193	153	261	97	130	238	
70	135	109	159	143	101	192	158	179	76	176	
71	190	128	175	178	185	157	170	70	129	171	
72	130	178	161	198	158	169	67	183	161	171	
73	147	156	147	161	182	185	184	156	101	151	
74	135	108	169	144	180	128	216	157	131	150	
75	178	166	131	149	136	179	88	157	149	190	
76	105	131	166	123	140	150	158	210	190	153	
77	103	127	159	198	178	145	174	189	250	164	
78	61	149	109	159	176	181	165	165	166	143	
79	128	153	141	104	149	168	100	116	101	122	
80	180	109	161	169	157	109	165	127	65	124	
81	140	183	180	139	227	154	207	150	206	150	
82	152	145	174	122	129	132	102	171	117	193	
83	203	115	156	109	182	126	202	176	115	128	
84	194	154	209	152	146	184	169	197	128	174	
85	134	124	162	165	205	164	205	183	180	166	
86	168	83	50	118	105	222	121	144	251	209	
87	138	156	176	176	87	173	105	209	199	135	
88	163	204	139	152	181	168	145	122	117	167	
89	161	124	76	227	186	128	164	146	112	152	
90	141	135	102	167	153	158	133	100	93	180	
91	114	188	129	142	149	136	87	145	161	86	
92	146	172	148	182	174	177	154	130	124	192	
93	111	128	193	155	118	156	171	198	166	158	
94	168	164	133	123	162	126	120	226	117	94	
95	134	141	96	161	180	224	187	146	82	187	
96	137	207	149	143	79	155	147	206	53	155	
97	150	95	155	101	154	154	224	157	169	148	
98	158	129	134	106	161	158	132	104	124	82	
99	215	217	210	216	165	102	116	146	183	123	
100	198	161	137	154	119	162	56	101	180	119	
;


param A
[*,*,1]: 1	2	3	4	5	6	7	8	9	10	11	12	13	14	15	16	17	18	19	20	21	22	23	24	25	26	27	28	29	30:=
1	144	102	109	267	274	248	93	290	237	225	254	209	233	285	155	179	84	250	245	299	244	237	101	122	298	104	242	299	133	195	
2	235	247	252	297	148	155	298	198	77	263	149	191	184	144	143	103	96	293	66	68	275	110	286	273	70	130	282	193	209	205	
3	130	140	263	55	86	248	200	171	292	145	270	275	208	157	138	136	288	185	163	232	281	266	183	84	274	287	165	74	95	239	
4	83	113	294	60	210	109	92	139	212	158	249	217	259	117	123	276	167	100	222	248	133	228	252	210	122	235	205	67	104	90	
5	150	95	70	218	287	141	212	79	80	97	270	184	237	180	73	65	127	151	273	236	202	264	126	109	212	295	151	125	158	180	
6	114	180	127	92	166	155	248	284	209	267	189	82	112	88	136	201	248	287	78	89	262	219	203	81	296	212	62	245	160	118	
7	216	85	199	271	75	71	67	129	108	193	129	285	89	95	135	246	136	194	199	285	230	126	108	220	225	177	180	110	72	249	
8	168	158	123	181	237	142	112	228	152	256	178	233	210	227	116	76	67	239	255	237	51	67	110	173	51	102	247	85	299	248	
9	232	266	187	70	212	163	218	298	184	113	97	151	89	274	147	209	185	287	117	164	139	164	272	128	140	101	243	88	282	266	
10	118	92	212	73	199	286	155	225	188	71	242	122	153	111	89	66	138	105	211	236	260	224	141	256	230	265	216	296	230	266	
11	196	98	189	239	227	218	77	97	267	257	72	56	263	115	142	74	245	93	68	267	101	192	141	247	268	171	160	246	186	180	
12	124	293	58	191	187	179	75	52	73	115	219	229	52	105	146	144	299	158	120	267	209	101	114	63	159	184	157	293	210	86	
13	268	219	250	57	255	124	104	156	140	167	225	283	186	264	107	166	232	217	157	62	241	196	80	191	250	159	147	261	53	248	
14	253	157	276	276	149	263	208	165	139	113	53	216	183	68	54	207	81	276	145	160	242	182	56	231	259	81	218	287	203	246	
15	86	187	267	83	141	133	276	103	263	52	70	139	219	299	242	275	288	279	128	238	51	264	154	60	89	217	189	108	76	143	
16	58	134	237	280	219	251	73	270	63	206	294	124	190	142	294	68	211	225	283	157	238	78	266	231	242	228	229	159	194	103	
17	194	213	55	148	214	258	136	53	167	225	272	131	248	152	144	191	72	273	54	158	259	159	190	89	240	113	98	160	93	187	
18	272	189	228	179	295	110	85	55	163	147	157	146	138	159	195	237	182	262	169	163	104	127	238	83	280	185	93	185	212	234	
19	89	185	280	198	212	116	138	175	263	52	197	54	112	130	175	153	221	162	123	59	171	171	292	140	134	154	195	194	111	243	
20	220	182	142	71	177	124	75	110	69	237	97	131	115	203	171	87	169	253	103	169	295	84	118	102	191	203	214	142	270	84	
21	121	78	140	258	190	101	198	267	293	67	258	285	281	161	191	59	118	195	126	232	82	189	299	74	182	169	114	81	124	101	
22	151	196	252	111	121	229	208	290	261	238	89	148	65	203	122	57	196	88	111	101	119	111	248	127	273	179	159	259	167	169	
23	224	125	242	233	299	72	238	200	97	288	189	81	298	121	72	67	210	104	279	266	193	226	52	65	273	203	200	262	216	286	
24	184	85	67	215	257	151	198	56	211	65	279	245	96	217	276	188	79	110	128	249	297	291	195	136	95	173	274	96	281	238	
25	251	60	293	107	78	251	292	116	241	120	93	94	153	125	96	288	110	290	165	249	234	168	165	247	202	154	185	245	68	238	
26	129	232	180	252	274	166	252	204	220	206	167	63	200	75	270	82	148	269	134	81	200	122	197	70	73	266	176	259	91	163	
27	294	192	247	134	243	215	73	257	284	242	74	63	71	59	77	89	182	55	88	108	239	233	107	289	83	54	169	158	178	179	
28	71	196	142	155	265	97	270	156	223	195	286	160	210	145	216	252	189	80	206	126	114	73	125	146	145	107	113	135	110	257	
29	126	159	136	253	84	193	209	266	226	112	178	137	219	191	283	82	59	258	141	182	265	162	74	286	140	215	172	82	208	182	
30	155	105	134	266	211	95	137	197	125	207	225	150	199	201	89	57	135	192	89	157	75	110	297	139	155	118	261	158	67	261	
31	121	61	287	251	232	220	126	275	202	174	101	196	286	79	199	117	138	271	153	58	199	279	237	123	122	198	280	275	180	259	
32	61	244	289	159	281	164	272	112	283	198	74	103	184	132	67	193	146	109	170	290	206	101	173	159	185	139	267	125	237	209	
33	278	76	152	224	51	71	264	234	93	192	121	238	269	165	213	211	285	209	126	283	94	212	65	73	243	100	173	279	173	81	
34	232	103	286	58	296	201	53	288	146	288	295	79	70	183	200	205	135	292	208	168	276	213	118	272	59	194	161	117	213	253	
35	227	241	159	134	285	299	89	288	141	51	266	182	251	68	163	105	57	265	200	135	215	85	62	99	145	73	125	260	207	123	
36	200	282	75	213	245	153	258	228	251	193	258	282	278	216	171	295	58	266	142	151	267	114	58	113	271	104	228	228	285	196	
37	139	143	232	57	248	154	64	293	298	281	205	153	180	209	227	98	110	150	282	173	64	232	149	140	211	247	106	134	104	162	
38	169	259	112	71	92	186	55	238	93	102	265	295	121	244	220	255	188	243	271	255	73	64	263	250	114	292	167	231	151	122	
39	277	91	173	120	81	63	195	199	231	62	227	115	143	67	81	214	265	85	133	148	276	52	207	176	178	273	170	267	120	134	
40	277	256	107	100	94	255	74	113	101	227	286	63	143	173	60	236	70	254	103	224	164	145	252	259	210	100	182	294	58	60	
41	271	59	194	294	269	175	151	148	246	138	295	60	198	190	178	72	279	193	213	228	210	179	184	212	299	78	82	211	121	53	
42	65	187	81	163	289	117	232	248	99	177	199	252	230	218	177	159	134	208	136	250	225	196	279	91	241	188	82	238	238	220	
43	132	196	124	183	87	118	74	185	98	56	62	94	173	260	175	286	66	235	198	135	158	115	173	299	146	286	298	77	258	262	
44	268	154	117	162	75	276	173	272	265	78	202	249	64	214	220	268	88	122	208	80	190	55	206	78	150	129	181	238	152	224	
45	130	258	254	150	257	185	195	222	81	257	159	207	147	104	270	298	140	217	233	173	155	243	181	167	107	167	171	222	222	250	
46	59	56	281	166	295	107	139	145	166	161	276	257	117	273	182	105	197	142	205	151	283	196	240	126	267	168	291	150	83	146	
47	160	220	99	109	293	132	55	218	171	198	264	292	97	115	297	77	157	282	165	119	249	61	182	225	56	208	245	158	186	184	
48	183	229	234	122	84	149	170	169	177	128	136	199	53	289	219	160	91	298	245	151	111	174	280	162	225	211	211	94	128	178	
49	137	249	194	240	226	201	185	181	63	88	120	219	97	154	177	145	198	168	85	94	222	253	233	218	204	183	75	231	273	113	
50	158	216	102	259	258	239	236	61	242	155	164	64	191	263	287	292	226	269	281	300	205	53	150	271	292	254	117	281	141	151	
51	176	151	66	195	274	103	207	63	277	116	53	122	223	114	178	89	138	152	147	91	218	213	150	126	75	84	166	168	115	68	
52	63	85	177	112	142	126	245	272	216	184	166	131	122	163	266	162	132	197	89	124	101	234	102	85	134	88	95	210	94	189	
53	176	295	154	250	70	107	270	81	299	274	181	88	75	148	151	66	229	106	67	139	107	156	152	135	227	213	209	77	97	247	
54	153	193	115	204	208	100	128	300	240	202	284	94	110	237	278	60	67	184	192	140	161	168	264	243	157	285	216	283	268	183	
55	204	57	65	229	225	224	57	54	118	242	163	219	194	294	227	227	247	152	83	192	129	172	282	187	204	264	67	121	100	258	
56	81	72	80	209	204	61	213	73	212	180	210	51	101	287	162	143	54	285	279	258	284	227	272	154	260	243	200	283	74	158	
57	235	160	186	94	98	188	133	205	279	69	165	279	264	199	51	289	61	165	224	261	157	83	206	117	290	198	168	74	195	275	
58	137	289	66	209	113	268	188	247	186	90	147	208	226	65	160	271	100	104	294	71	262	51	234	95	63	100	221	261	220	186	
59	237	154	151	122	296	146	109	265	149	64	178	219	161	240	282	199	99	279	145	186	239	225	175	213	252	279	105	207	74	69	
60	221	300	110	91	254	214	211	202	164	259	143	263	282	92	57	294	262	156	167	271	208	53	297	97	207	80	188	146	137	233	
61	298	74	202	202	178	138	122	253	64	268	90	129	229	92	192	219	264	174	279	207	267	56	286	113	149	85	114	218	93	150	
62	97	265	57	297	167	56	129	124	300	195	190	182	169	202	211	108	142	77	186	84	289	193	298	154	168	246	196	167	142	138	
63	185	209	92	162	155	131	287	266	111	150	212	270	212	174	91	296	148	283	116	102	179	85	160	136	188	268	236	256	225	242	
64	261	94	262	224	90	83	217	188	64	224	258	125	247	156	80	150	108	258	263	129	80	102	122	225	95	85	162	127	156	158	
65	265	282	188	288	151	67	131	81	55	190	135	91	192	89	217	145	96	264	261	292	281	268	270	100	177	53	197	119	82	190	
66	150	195	168	221	199	81	148	199	292	213	275	197	175	196	288	269	286	176	115	259	198	194	192	201	233	73	71	144	76	228	
67	278	98	164	167	176	212	133	117	142	112	116	246	130	189	116	237	118	188	195	76	55	292	206	158	259	266	299	150	273	242	
68	186	60	251	73	213	70	184	123	227	95	200	133	205	152	298	206	213	225	231	184	196	69	248	257	196	138	249	270	300	256	
69	63	103	270	243	120	204	271	67	285	148	185	266	95	241	53	196	202	230	51	216	277	178	136	67	191	148	181	268	103	63	
70	87	113	205	268	102	153	143	254	73	159	141	276	157	94	290	171	64	257	102	89	180	283	271	201	283	122	218	260	293	97	
71	291	252	185	200	260	158	158	231	203	298	71	209	139	160	217	229	60	268	262	70	110	217	262	259	248	122	183	135	189	78	
72	159	165	89	56	175	293	142	192	299	99	168	168	106	172	88	264	56	144	115	266	231	121	129	75	295	278	215	214	126	283	
73	194	85	146	258	177	96	177	156	126	149	83	190	171	116	288	183	170	185	175	151	118	272	124	277	265	123	135	245	171	276	
74	83	284	85	119	196	171	148	197	83	228	98	128	135	148	55	211	61	212	113	86	80	144	166	180	99	158	174	241	90	220	
75	196	127	66	127	176	144	196	119	96	111	82	221	139	230	174	179	98	247	235	86	212	206	219	258	200	100	141	300	273	239	
76	294	102	70	228	152	249	96	245	277	239	224	178	93	229	212	230	77	232	80	286	212	244	141	69	128	176	126	83	251	144	
77	245	122	213	153	199	57	148	188	181	266	287	234	150	113	246	230	151	71	142	71	52	283	177	83	200	124	207	244	213	75	
78	124	252	99	209	193	164	147	172	141	282	106	199	264	70	247	219	165	130	211	218	185	111	262	69	201	115	126	182	285	69	
79	233	168	181	204	270	247	269	61	90	293	129	61	159	211	292	66	121	233	243	181	297	81	168	180	125	281	57	277	296	90	
80	266	140	74	253	151	140	213	243	217	114	299	283	240	69	271	212	292	110	251	89	146	297	285	228	150	176	89	240	53	156	
81	192	72	153	184	221	183	191	193	247	273	119	202	118	163	270	129	197	108	219	107	130	242	202	165	105	248	208	206	122	247	
82	170	266	69	147	98	260	96	112	251	267	157	288	206	167	165	195	189	300	163	292	71	298	143	148	277	64	224	121	66	89	
83	238	178	118	55	106	55	204	135	224	251	159	285	116	159	156	91	147	205	180	178	148	82	168	183	245	64	125	251	88	203	
84	262	254	273	244	281	197	81	262	127	54	195	298	172	85	88	81	122	192	133	148	299	118	109	196	299	142	140	58	286	260	
85	257	244	90	162	51	192	179	129	254	290	227	252	66	180	66	157	62	171	91	147	88	111	252	260	106	163	177	123	299	246	
86	275	276	280	292	164	138	137	190	287	97	168	199	134	114	140	68	300	128	147	150	128	200	246	86	223	105	283	136	190	107	
87	211	282	98	292	213	224	108	69	59	282	119	282	99	199	65	240	112	275	296	160	129	51	73	147	163	63	277	161	83	97	
88	80	172	183	215	85	247	139	165	182	271	73	277	265	247	85	177	100	202	134	263	300	170	259	118	109	266	58	122	62	222	
89	110	270	232	169	295	73	164	201	116	251	151	94	287	249	276	296	243	155	267	54	96	137	120	125	53	119	69	188	119	184	
90	108	126	225	122	285	243	289	98	184	134	108	219	181	159	267	190	91	259	95	262	154	295	146	202	189	63	240	111	287	131	
91	288	217	113	251	119	181	71	153	61	128	239	182	132	215	181	79	223	75	109	112	124	219	239	111	102	294	116	104	79	186	
92	231	184	239	198	108	111	73	102	173	68	215	96	66	241	296	150	249	59	132	115	61	172	93	149	62	155	160	287	76	298	
93	197	129	72	238	152	154	90	120	61	161	71	136	218	226	254	293	251	68	275	295	289	167	55	206	275	280	131	123	277	135	
94	143	62	204	71	58	137	158	184	159	131	269	221	136	107	56	249	99	174	211	252	104	166	222	273	269	62	199	300	292	231	
95	287	61	145	75	163	251	151	214	132	215	222	143	168	276	156	209	171	249	283	133	54	72	246	222	167	79	276	286	299	121	
96	286	54	145	89	121	158	201	300	190	131	296	107	224	193	277	109	177	106	268	114	87	219	232	65	244	189	113	124	255	164	
97	173	96	197	298	271	177	147	218	126	180	210	89	115	202	107	53	119	278	287	148	249	71	121	299	129	106	68	134	244	96	
98	296	251	200	276	300	132	185	131	76	52	254	269	235	70	131	255	216	237	146	154	296	95	251	97	97	109	234	67	278	151	
99	86	265	140	273	100	209	229	106	217	250	128	295	219	141	194	69	174	208	118	114	162	180	71	170	141	183	128	154	130	52	
100	161	59	285	158	226	124	109	196	255	230	198	213	267	129	281	52	90	75	275	216	141	226	184	52	231	292	178	120	103	287	

[*,*,2]: 1	2	3	4	5	6	7	8	9	10	11	12	13	14	15	16	17	18	19	20	21	22	23	24	25	26	27	28	29	30:=
1	185	218	134	197	231	175	271	68	173	295	56	226	123	181	268	59	184	276	220	95	137	70	220	113	74	61	273	71	69	253	
2	75	201	268	199	63	249	136	83	128	208	124	201	168	163	52	251	197	51	115	87	222	258	191	108	108	162	139	152	54	283	
3	275	234	52	124	229	189	208	162	215	190	79	183	237	195	120	221	230	295	230	73	130	282	193	249	201	88	67	100	116	167	
4	68	261	130	281	96	159	175	295	288	170	188	76	242	79	59	265	89	213	260	179	204	96	92	120	225	182	254	147	162	265	
5	76	173	175	182	113	172	110	87	78	258	219	279	148	229	258	94	111	235	108	143	281	205	262	265	163	86	287	278	185	151	
6	118	193	284	269	117	106	250	291	167	276	295	290	122	188	191	275	61	246	223	80	299	152	146	246	92	283	62	70	103	133	
7	126	251	212	83	270	100	141	123	288	230	85	146	197	196	183	152	51	217	223	94	161	156	138	116	111	54	81	104	107	293	
8	159	274	159	147	226	295	58	87	64	195	211	252	145	67	256	53	190	120	90	115	162	230	213	125	248	276	183	70	100	51	
9	283	85	174	297	114	109	151	207	124	296	262	77	206	278	171	132	158	66	162	275	122	74	300	299	56	276	109	279	158	230	
10	100	67	161	164	56	244	119	288	167	219	71	123	254	136	232	57	104	108	287	183	216	180	289	297	245	291	227	200	189	267	
11	183	157	200	87	283	118	167	254	183	155	177	155	55	131	74	85	55	205	76	84	255	169	221	193	233	154	82	210	73	146	
12	135	166	231	284	292	202	61	81	252	88	70	146	274	272	71	241	108	266	297	246	285	252	142	210	160	254	108	183	227	169	
13	112	223	185	195	288	259	135	260	189	143	262	290	77	286	116	66	252	198	233	141	234	131	213	99	158	168	144	277	184	274	
14	106	96	243	232	124	65	179	91	268	240	217	74	261	143	221	252	297	274	289	267	72	254	151	68	147	266	139	70	265	55	
15	267	233	73	216	137	176	146	192	123	108	264	178	136	262	76	298	245	232	77	67	134	213	256	163	169	59	237	273	56	136	
16	195	185	214	59	102	125	113	271	116	236	186	281	73	142	85	231	71	71	155	98	159	271	226	288	171	294	178	228	131	144	
17	122	261	182	78	122	128	189	199	137	152	185	167	215	182	61	61	58	233	87	247	289	145	136	294	105	186	61	95	286	186	
18	289	237	175	224	164	128	68	196	56	123	206	74	126	223	71	143	188	63	82	59	175	169	216	173	156	167	96	100	164	64	
19	73	295	84	223	110	100	161	275	176	203	75	253	95	129	238	150	63	259	288	256	215	133	215	108	106	195	166	215	93	136	
20	57	240	57	158	286	105	189	259	59	189	133	177	56	149	272	229	181	133	67	222	266	75	258	281	172	140	255	85	104	117	
21	128	169	108	164	129	262	258	256	281	205	138	134	157	235	201	72	142	184	193	233	90	299	170	294	273	293	218	62	125	114	
22	296	140	148	84	63	230	153	104	105	194	291	81	151	102	133	215	217	253	91	113	224	137	52	259	81	136	299	280	108	89	
23	251	79	244	52	228	239	283	266	139	102	159	55	241	110	217	169	84	145	86	292	171	128	107	90	61	230	63	279	277	199	
24	151	191	146	150	213	137	244	230	77	112	69	270	157	155	153	109	102	183	81	249	184	241	127	137	300	199	180	67	71	232	
25	148	221	75	71	196	247	147	236	260	166	86	169	229	133	252	109	204	271	89	102	199	227	281	297	142	112	241	118	206	212	
26	209	55	122	93	279	63	213	288	127	123	270	127	82	122	273	86	285	281	218	144	178	230	273	281	62	143	159	284	133	57	
27	107	170	79	80	139	275	151	259	277	148	256	146	220	207	72	251	94	91	221	55	112	92	239	190	191	278	208	232	274	205	
28	224	67	134	163	164	224	132	245	76	284	65	152	155	126	269	229	252	265	226	122	56	190	120	125	140	197	204	264	259	96	
29	296	138	97	289	72	184	176	143	175	250	279	59	106	240	138	269	214	59	217	210	266	115	92	190	187	87	154	125	258	137	
30	152	290	80	296	129	156	132	203	115	88	55	257	271	272	287	294	190	134	68	187	213	60	205	78	123	142	215	80	205	210	
31	70	253	62	231	224	295	294	255	136	62	51	286	108	253	285	195	110	165	87	270	183	254	273	169	151	218	86	203	119	298	
32	204	199	101	93	187	126	91	132	149	104	96	227	153	218	205	200	152	140	286	234	255	178	227	131	252	234	152	72	202	229	
33	217	189	173	233	248	263	282	151	282	64	208	116	64	141	163	178	269	276	100	279	72	102	208	147	191	121	115	168	108	188	
34	267	173	147	174	222	191	151	247	158	55	285	298	120	172	197	285	295	273	158	133	134	234	286	299	160	219	286	275	182	205	
35	127	206	110	200	215	155	70	152	133	243	226	76	211	160	172	265	230	91	143	58	88	260	255	174	97	254	145	233	264	207	
36	94	213	58	221	252	244	115	241	158	107	172	168	54	183	84	155	213	235	142	64	79	215	211	65	148	239	240	238	103	92	
37	233	180	131	113	165	145	209	172	55	165	292	300	149	164	85	163	277	58	169	296	82	124	106	64	147	120	71	71	128	132	
38	167	89	155	57	274	230	242	279	273	225	284	248	55	102	222	71	178	251	110	274	192	287	143	171	128	76	136	256	296	107	
39	128	157	62	217	239	130	236	52	94	234	244	159	101	164	93	274	138	92	90	95	265	175	117	109	67	103	160	139	226	212	
40	115	148	120	152	220	169	257	55	253	108	286	65	274	103	156	197	255	70	115	114	230	66	235	211	230	135	128	87	180	269	
41	215	228	283	130	145	241	229	225	95	143	260	86	271	225	92	274	72	136	177	294	79	275	87	271	216	59	70	264	140	53	
42	230	177	120	251	65	103	121	166	53	292	154	281	232	74	74	186	102	225	147	249	195	199	206	221	233	210	149	98	244	92	
43	118	268	263	202	174	75	129	141	288	264	77	61	115	282	241	230	182	259	87	55	129	235	186	103	174	261	262	193	269	235	
44	258	180	237	129	247	62	72	196	103	150	144	129	102	80	86	217	132	203	64	121	52	270	58	257	195	165	240	210	158	253	
45	84	213	78	69	148	282	173	118	214	278	117	53	208	162	209	180	91	288	198	253	79	103	94	221	291	216	113	270	166	96	
46	188	297	118	263	163	180	102	165	225	77	174	159	233	226	61	172	175	184	102	200	226	282	159	84	90	300	192	130	289	192	
47	95	238	155	59	94	274	271	138	111	180	145	174	206	295	240	258	102	125	214	85	72	249	80	257	238	236	264	206	235	144	
48	82	121	123	85	83	235	292	152	165	115	218	108	184	55	138	212	85	230	134	61	67	70	108	241	95	190	92	191	295	239	
49	168	132	112	246	255	118	51	97	113	64	248	230	250	80	284	172	73	99	148	205	196	264	64	155	156	190	76	216	141	83	
50	93	90	166	240	242	298	73	117	250	177	63	203	217	242	165	89	287	246	228	176	119	208	244	51	192	253	286	226	174	221	
51	86	117	106	262	199	183	63	193	196	279	84	162	64	219	122	185	248	295	98	216	146	187	79	107	90	53	126	151	133	285	
52	218	70	94	234	82	104	263	202	122	86	59	130	148	117	174	239	187	85	293	90	265	66	158	258	130	53	74	67	146	260	
53	241	66	170	130	80	207	149	161	52	181	71	210	58	152	289	271	118	177	224	276	267	83	231	155	106	196	107	73	292	86	
54	227	57	105	272	300	213	254	104	218	74	180	202	184	114	86	93	220	278	229	73	264	71	242	296	177	256	148	150	87	146	
55	176	95	199	151	109	285	201	229	54	222	147	180	261	77	187	182	295	135	176	54	97	119	269	134	272	205	157	153	228	286	
56	109	164	236	77	278	94	217	197	139	136	89	147	279	103	150	288	104	209	115	73	201	253	94	64	155	141	168	192	96	137	
57	286	288	276	251	54	123	300	93	109	211	112	235	133	154	212	274	268	97	221	291	58	260	247	253	241	89	294	273	291	84	
58	184	218	268	277	121	111	52	73	143	123	151	223	214	281	197	197	206	276	96	71	170	264	86	244	210	300	229	162	65	278	
59	145	257	235	281	102	84	161	193	204	163	261	78	236	241	143	265	275	65	246	242	239	166	67	215	87	228	158	128	159	78	
60	124	241	250	100	64	241	161	280	199	94	286	232	58	300	151	179	256	126	298	257	110	191	169	93	288	112	123	245	155	246	
61	83	160	277	149	299	228	188	158	123	137	125	152	93	265	178	79	129	76	114	103	216	291	177	156	52	52	216	105	165	83	
62	190	128	169	57	190	173	272	281	114	210	87	292	152	284	62	168	252	53	77	123	76	196	245	202	65	82	167	84	74	129	
63	300	245	113	113	108	85	278	299	173	222	242	180	159	114	163	170	51	253	232	51	293	243	126	220	228	244	96	60	80	91	
64	175	95	143	256	138	250	217	300	241	97	291	224	225	51	59	273	280	63	232	178	224	120	252	109	154	274	65	99	221	112	
65	67	232	254	275	79	217	287	277	92	220	246	233	271	187	159	98	133	266	275	76	230	64	193	296	68	96	95	198	194	75	
66	193	183	73	243	224	119	283	96	193	245	161	160	171	77	100	282	226	110	57	192	179	264	259	147	68	108	290	183	142	235	
67	112	206	161	251	231	297	193	205	128	243	195	192	102	263	145	102	141	124	95	260	242	121	184	145	155	131	166	142	289	250	
68	90	116	109	217	204	241	215	133	176	175	145	284	228	173	100	111	261	150	249	83	156	240	241	222	99	105	143	103	149	125	
69	190	88	201	225	187	242	182	184	143	119	53	160	199	286	253	101	243	220	186	58	114	108	152	157	158	156	55	203	106	254	
70	60	218	152	225	61	262	197	281	68	90	168	134	136	85	275	76	239	110	263	63	296	111	150	237	210	254	281	251	165	184	
71	138	247	156	60	243	178	65	215	108	130	52	182	260	87	109	82	253	213	216	236	107	250	111	54	155	236	79	215	229	197	
72	282	278	110	287	182	150	267	83	67	198	263	277	96	138	112	271	55	223	263	104	281	238	297	165	280	220	221	81	208	69	
73	167	104	68	128	113	262	64	176	251	75	107	228	275	157	274	94	255	300	204	218	76	125	260	217	78	283	63	162	101	189	
74	61	297	261	277	180	187	197	182	229	194	263	145	259	265	294	145	256	63	169	300	265	249	237	294	140	271	122	91	68	127	
75	131	214	209	219	58	210	265	298	111	186	283	284	296	281	255	273	145	144	226	111	57	88	193	164	155	138	104	172	249	274	
76	161	255	279	67	236	232	115	181	163	115	188	167	292	268	277	275	269	237	84	224	243	140	79	207	77	242	204	213	258	82	
77	81	128	152	229	258	139	72	202	73	291	280	300	181	74	231	223	240	139	90	215	140	222	88	258	260	248	167	212	209	149	
78	149	58	213	266	165	247	264	202	180	134	148	105	124	241	298	183	134	291	64	213	138	117	159	137	134	107	268	198	251	241	
79	204	140	138	193	178	215	163	272	164	181	120	54	136	183	155	166	271	178	206	85	126	245	235	272	100	273	211	193	235	126	
80	215	209	211	101	154	236	54	208	110	275	252	211	102	226	173	223	278	237	99	177	147	70	81	89	83	105	292	130	281	212	
81	101	216	119	272	51	105	96	107	277	68	55	200	88	159	245	135	177	123	57	179	53	149	248	149	271	154	204	192	181	66	
82	259	79	207	138	161	121	141	98	141	291	118	163	266	222	271	113	245	137	155	111	55	69	220	138	278	276	52	92	148	241	
83	230	266	84	269	298	166	129	52	157	212	121	127	265	240	295	191	281	138	189	239	100	78	175	110	175	130	74	58	70	190	
84	121	86	53	84	65	101	158	117	185	162	168	160	260	83	105	177	67	122	191	180	55	199	196	149	273	158	177	127	110	70	
85	124	249	195	120	212	75	74	272	252	162	185	75	99	56	171	235	196	299	269	123	140	258	209	279	92	180	157	87	300	97	
86	103	293	288	183	56	257	90	184	118	165	182	177	141	103	291	117	150	70	143	122	90	73	115	116	237	181	92	197	210	289	
87	88	290	103	213	174	249	280	84	196	75	72	176	57	202	119	155	62	294	133	244	208	299	211	224	287	84	220	90	289	237	
88	95	65	160	146	214	71	292	117	55	285	246	215	91	178	58	243	58	275	266	174	79	257	237	72	181	167	193	64	216	82	
89	222	224	107	76	282	71	280	265	114	148	66	141	151	114	152	136	260	188	159	222	148	90	298	142	77	107	277	171	94	51	
90	197	93	138	271	140	222	194	227	85	159	60	106	125	289	152	106	179	220	192	297	212	219	54	174	177	217	298	247	99	252	
91	236	165	144	200	233	252	201	278	73	274	128	68	181	184	256	274	61	92	206	56	226	160	278	81	136	165	171	215	215	114	
92	241	174	101	196	176	94	169	214	249	56	168	210	212	116	238	244	97	99	261	191	103	119	298	290	225	274	176	190	283	266	
93	237	212	90	146	239	270	58	126	110	268	173	255	213	286	165	230	249	109	77	262	289	255	217	268	65	290	238	74	209	293	
94	99	257	118	174	260	126	117	248	159	93	225	229	262	258	116	55	127	293	278	246	273	78	288	184	296	212	147	125	96	93	
95	144	265	258	196	69	168	137	54	125	99	292	56	63	279	52	149	202	149	270	76	115	265	79	118	181	80	143	141	91	238	
96	241	265	82	158	265	80	72	250	70	239	114	178	212	194	230	229	295	141	162	69	165	278	133	73	185	152	216	51	129	196	
97	208	62	238	178	241	250	131	134	67	94	83	198	73	278	98	170	292	178	111	215	127	183	103	72	245	174	295	196	249	277	
98	226	102	179	98	143	282	192	161	132	163	205	201	58	267	254	261	88	70	294	117	271	187	209	288	155	270	122	273	146	133	
99	286	101	113	117	74	145	134	196	116	204	240	114	279	205	253	128	294	144	210	129	167	239	136	223	92	143	76	231	120	193	
100	148	183	286	121	224	229	200	206	263	299	189	260	162	166	57	106	110	77	235	134	76	248	279	251	184	60	176	61	239	277	

[*,*,3]: 1	2	3	4	5	6	7	8	9	10	11	12	13	14	15	16	17	18	19	20	21	22	23	24	25	26	27	28	29	30:=
1	52	152	54	255	123	128	209	240	55	161	98	158	87	79	242	66	135	154	190	250	220	129	150	80	78	186	216	252	136	217	
2	72	90	201	142	80	187	107	182	187	152	154	282	83	142	224	248	131	91	165	262	268	84	285	58	208	160	55	171	269	52	
3	204	280	282	272	276	85	187	268	156	294	218	142	220	265	195	75	124	85	124	67	115	198	138	230	59	194	258	83	186	63	
4	272	120	223	248	148	293	235	226	106	195	56	116	256	61	122	68	165	207	209	179	132	169	256	67	216	288	259	139	294	198	
5	251	201	177	299	78	92	125	70	226	107	286	112	186	261	226	258	75	299	147	185	139	193	279	128	134	286	141	158	267	176	
6	68	200	90	139	89	62	199	164	142	157	174	140	134	174	105	115	104	109	230	286	280	116	136	162	155	99	106	182	168	200	
7	209	255	122	88	145	246	128	79	221	155	77	257	195	125	196	295	54	183	94	203	146	296	181	178	183	170	249	189	262	91	
8	285	157	90	122	231	118	154	72	289	145	190	147	85	232	190	145	277	167	99	190	232	75	135	270	158	188	240	221	255	65	
9	74	293	131	136	155	184	284	287	180	237	121	269	114	266	167	81	97	199	93	72	65	201	133	131	223	135	249	136	300	194	
10	273	208	245	260	224	85	120	128	87	115	250	283	129	221	69	166	229	102	283	232	216	114	253	197	69	121	66	71	240	76	
11	246	75	153	228	108	283	89	178	172	117	146	84	287	227	273	176	269	109	296	253	277	111	196	130	239	259	185	253	179	139	
12	231	236	144	100	236	63	212	246	83	266	295	141	273	225	133	163	257	149	68	125	151	271	176	158	199	204	135	90	292	250	
13	134	183	188	103	171	139	129	108	149	103	158	154	180	245	271	96	196	133	177	92	241	114	237	159	199	206	291	120	247	58	
14	255	230	119	282	198	83	69	200	262	230	144	115	291	279	154	105	58	143	282	171	179	270	127	76	267	93	177	102	118	263	
15	123	124	263	204	70	192	159	89	272	97	263	83	176	78	75	166	264	266	283	92	57	137	285	208	67	56	146	130	190	146	
16	200	238	165	102	146	106	121	214	259	81	270	275	204	221	133	132	258	218	117	127	284	290	143	103	183	132	85	210	135	88	
17	295	127	71	123	135	83	240	112	88	97	63	209	259	190	110	187	259	66	131	291	89	103	193	223	151	231	80	92	262	141	
18	207	222	288	176	123	238	88	70	231	260	294	276	279	133	141	146	237	267	295	270	209	123	141	56	199	200	227	134	259	83	
19	237	185	291	174	139	282	240	285	287	189	104	177	109	214	224	262	120	101	140	239	196	262	141	145	279	231	173	291	122	207	
20	167	242	92	162	124	81	117	277	187	173	188	143	134	212	85	118	252	167	163	277	99	297	105	217	122	147	279	119	187	264	
21	210	52	247	268	258	145	184	133	235	141	172	275	280	160	94	119	150	189	116	217	94	63	191	279	131	190	124	294	216	228	
22	188	114	142	182	247	91	122	281	195	127	163	253	80	112	187	160	151	143	126	277	168	98	246	196	193	54	186	56	227	147	
23	72	154	67	258	255	299	138	52	145	153	159	111	289	132	134	67	247	160	287	194	279	173	289	283	223	275	191	147	250	64	
24	161	278	65	242	261	89	201	284	133	77	117	82	293	238	212	252	55	233	55	214	223	296	232	234	231	144	266	254	166	124	
25	103	97	245	121	275	217	196	177	84	53	135	283	236	104	245	199	56	52	297	78	98	163	130	192	119	213	108	75	179	242	
26	216	162	98	132	232	265	224	233	249	130	168	288	287	196	228	79	68	109	245	248	221	291	113	70	174	89	236	81	289	97	
27	217	263	286	59	166	274	293	230	66	173	154	192	150	294	118	225	79	261	139	177	262	214	133	228	51	233	192	76	188	162	
28	290	57	88	123	96	165	203	54	260	174	134	169	103	243	251	194	243	251	241	283	270	73	243	225	92	197	224	238	94	59	
29	150	100	140	241	87	117	193	221	283	87	117	118	247	228	84	54	139	114	55	71	90	98	265	157	174	244	140	126	137	87	
30	300	230	61	81	158	262	65	212	144	258	126	69	223	280	194	144	111	194	114	193	210	151	251	186	144	200	198	196	89	187	
31	124	202	141	71	146	200	192	299	208	161	79	99	162	200	287	123	288	209	215	250	202	244	203	200	293	291	130	262	242	218	
32	226	249	70	223	276	90	253	156	84	267	111	107	89	56	257	258	137	213	57	123	64	189	162	288	238	267	56	211	256	101	
33	71	154	174	90	79	123	156	108	236	252	64	88	180	72	187	60	85	102	249	158	197	230	115	96	179	89	175	168	132	256	
34	244	104	264	86	109	250	79	127	281	182	218	143	97	133	140	184	136	85	73	202	166	232	295	80	166	180	54	267	227	158	
35	123	262	76	126	91	295	167	224	283	181	103	128	265	87	151	124	217	227	235	192	151	208	163	222	300	194	83	160	212	70	
36	222	257	194	159	212	123	241	294	93	234	283	215	175	201	212	148	248	262	240	266	61	105	225	296	232	154	234	172	270	146	
37	202	103	91	206	201	222	210	172	291	68	285	83	141	201	169	249	93	232	227	270	78	204	157	246	143	114	184	73	180	294	
38	299	186	123	83	222	241	206	87	270	215	173	197	212	65	240	93	68	280	62	267	124	172	279	219	124	105	221	61	63	92	
39	60	138	231	298	276	101	101	226	76	269	88	245	285	265	80	113	194	102	72	147	183	81	75	52	159	266	217	119	279	232	
40	79	189	247	225	290	230	68	103	295	251	95	195	209	224	214	108	299	178	185	83	270	55	104	290	213	67	140	95	225	244	
41	180	160	71	290	299	174	122	138	104	66	173	151	84	92	136	217	257	249	231	164	116	159	118	125	266	169	282	123	97	184	
42	266	120	272	163	208	271	61	67	155	212	86	126	122	296	200	108	51	205	266	211	208	175	179	157	265	248	131	182	93	124	
43	184	193	120	52	72	223	107	190	184	212	54	200	188	245	297	84	159	208	84	248	190	237	65	78	145	126	138	60	263	237	
44	244	60	140	154	183	177	111	286	167	83	51	210	92	68	280	95	109	70	89	190	283	262	201	271	77	51	227	51	80	210	
45	66	136	179	167	108	142	164	206	152	300	78	113	257	279	118	155	189	289	167	264	270	103	238	299	281	245	153	289	241	164	
46	231	282	144	298	56	97	251	105	181	85	99	76	211	182	156	85	123	265	257	300	207	151	214	70	247	129	192	170	78	254	
47	259	287	73	255	68	111	80	152	281	144	222	139	292	69	89	143	135	270	223	63	111	210	158	130	82	282	184	197	282	268	
48	84	156	299	275	234	100	298	149	225	178	268	268	127	268	184	244	181	161	133	249	149	248	67	89	63	146	107	275	246	194	
49	74	229	111	108	192	243	108	104	250	266	247	261	224	235	87	247	55	120	105	219	255	98	60	175	87	151	91	224	253	279	
50	82	238	120	123	197	175	97	288	277	165	205	89	76	163	77	136	187	157	231	233	115	126	277	177	172	148	257	216	55	214	
51	211	220	190	110	254	157	278	121	56	163	81	117	279	289	281	163	298	119	73	227	272	196	103	278	83	188	215	191	63	140	
52	284	154	230	224	216	239	142	116	239	142	100	241	152	161	179	196	171	216	268	185	104	176	236	261	213	54	204	123	176	157	
53	73	209	177	296	129	225	132	294	202	162	76	111	210	287	94	132	280	95	51	207	67	117	234	147	135	120	244	60	85	157	
54	286	285	138	169	137	237	210	86	183	190	216	59	263	93	153	200	82	61	198	128	115	72	110	118	247	198	52	238	189	168	
55	245	253	81	273	171	234	253	225	83	205	144	226	113	136	240	182	63	109	211	175	207	240	157	262	281	179	263	230	292	142	
56	159	285	255	190	289	104	283	52	210	123	155	254	68	185	256	218	293	247	91	96	222	224	112	105	266	81	71	266	96	116	
57	281	262	184	81	96	128	293	64	173	197	80	163	77	201	277	129	176	135	203	214	233	115	228	105	254	292	91	52	159	66	
58	234	99	116	86	74	253	147	194	239	135	231	87	239	268	213	129	101	155	263	60	209	185	123	92	124	132	236	174	99	203	
59	158	175	246	171	288	257	59	123	183	143	173	258	142	256	173	187	194	55	293	199	76	61	282	193	271	169	118	196	64	123	
60	171	219	115	279	80	279	154	183	292	224	225	62	128	207	293	54	211	58	137	236	196	220	72	252	132	229	130	260	106	253	
61	233	107	277	289	204	89	77	106	68	205	274	115	255	188	237	67	152	148	121	230	95	287	300	140	108	153	133	145	161	170	
62	91	293	247	234	300	51	54	80	254	158	141	161	168	195	176	166	197	224	65	69	136	270	169	211	239	161	236	109	225	225	
63	59	99	253	186	213	100	191	243	110	80	74	149	237	114	143	160	142	70	224	170	81	245	160	268	259	242	239	164	259	221	
64	236	164	72	294	219	162	110	278	256	146	90	281	217	238	122	189	286	193	211	149	104	134	276	130	115	190	59	261	239	280	
65	101	190	240	81	126	217	58	127	247	248	285	277	87	204	249	229	98	64	63	117	68	55	112	227	251	140	232	256	272	145	
66	141	230	73	180	137	257	283	71	222	153	197	147	256	192	225	235	103	82	270	147	232	117	72	125	72	181	255	126	59	133	
67	298	197	67	270	292	190	237	257	240	164	72	63	270	88	261	297	69	237	243	294	56	117	207	255	131	296	51	208	287	84	
68	146	130	265	135	207	85	94	276	156	71	286	175	284	257	135	166	100	68	64	145	230	166	194	104	161	204	106	137	247	162	
69	103	281	250	86	166	205	155	245	247	112	215	197	135	272	57	259	213	154	256	54	144	114	98	209	186	239	57	204	298	168	
70	209	75	141	200	132	173	153	271	288	97	205	103	299	127	203	237	161	128	198	207	123	111	137	89	176	70	185	62	150	192	
71	78	213	104	103	162	170	190	186	156	264	159	120	265	153	62	213	184	196	295	142	288	238	237	275	177	242	192	195	250	96	
72	57	249	167	94	150	143	189	153	293	231	231	202	215	95	252	120	268	73	292	267	184	247	182	268	106	298	244	255	168	224	
73	224	75	265	202	274	112	139	246	190	205	138	217	152	200	62	189	180	182	136	81	270	150	236	239	247	166	221	255	290	98	
74	282	70	264	157	126	268	94	145	130	150	108	105	190	147	273	93	259	206	103	243	263	98	186	53	167	245	264	92	191	239	
75	182	80	150	251	63	214	223	170	193	178	229	277	216	164	86	197	119	165	107	279	111	223	61	86	231	109	147	240	192	224	
76	294	283	57	184	260	204	267	273	295	123	81	121	121	240	179	102	132	269	81	266	69	147	132	227	89	254	138	249	275	213	
77	181	168	68	216	144	219	136	163	114	211	266	217	272	202	227	168	261	264	201	228	242	202	276	150	84	106	152	278	85	60	
78	191	103	100	176	231	203	193	263	299	298	298	181	161	84	185	82	158	222	95	157	107	162	116	146	195	74	150	170	76	58	
79	184	158	241	182	104	252	159	298	131	287	289	210	183	232	198	277	183	180	69	157	68	199	190	137	85	279	223	233	158	65	
80	109	275	240	256	250	232	218	104	177	67	94	167	60	92	86	243	70	265	124	97	262	239	79	298	287	245	74	93	99	117	
81	263	107	207	169	289	292	212	53	121	164	143	151	72	148	113	212	142	79	71	240	135	199	133	288	289	102	142	254	151	96	
82	125	247	112	167	138	61	125	80	258	69	256	244	208	219	260	242	114	180	289	232	129	286	156	205	158	271	293	60	229	83	
83	92	281	135	68	288	126	108	206	138	71	176	200	60	106	166	88	237	195	259	292	115	197	96	291	273	97	279	253	226	164	
84	129	129	174	121	113	135	256	161	138	202	179	256	235	223	83	182	208	161	124	78	269	159	242	275	233	297	207	188	256	171	
85	288	97	132	108	113	158	245	116	199	247	129	296	132	130	53	184	118	115	298	75	215	141	245	220	235	187	105	65	212	110	
86	190	132	193	135	267	186	211	126	113	295	73	282	293	248	183	189	59	56	230	243	75	160	209	54	246	175	268	53	235	293	
87	95	160	160	88	160	227	168	176	195	130	151	236	94	287	91	151	270	92	128	120	243	105	119	144	300	164	191	112	186	97	
88	105	226	156	85	150	297	72	62	284	114	172	203	143	165	245	51	246	119	110	76	241	132	249	221	132	286	270	79	195	76	
89	260	282	265	120	67	156	214	236	203	147	52	131	196	203	299	284	145	275	294	283	216	70	223	292	245	116	240	300	197	67	
90	157	158	134	245	150	189	197	225	122	259	260	145	150	68	249	171	190	195	152	289	286	157	189	134	190	214	228	90	264	283	
91	56	218	97	231	52	166	79	289	88	163	228	281	182	276	161	170	198	67	242	118	122	236	109	78	155	259	190	273	145	186	
92	103	208	165	186	106	164	144	69	173	97	173	206	101	178	295	54	241	169	212	199	269	162	151	264	137	290	111	109	299	122	
93	185	85	266	75	74	103	169	204	286	277	161	187	89	173	122	103	93	288	107	260	52	288	232	231	282	294	73	64	140	176	
94	162	278	291	184	59	61	278	120	297	70	193	122	272	196	258	202	91	215	205	109	185	152	202	107	63	121	94	168	162	293	
95	226	129	110	80	109	178	200	164	222	279	68	177	77	272	154	217	208	243	109	114	292	148	214	81	177	91	144	256	219	284	
96	287	226	251	143	85	217	261	135	157	136	131	289	172	218	53	225	151	147	134	249	199	134	142	183	164	156	101	87	169	58	
97	55	206	164	100	246	64	69	244	88	161	53	106	273	115	223	261	77	280	180	121	79	73	212	101	173	295	300	172	84	55	
98	159	134	235	294	214	152	271	295	192	81	122	234	247	119	161	225	167	78	134	131	169	271	213	91	100	65	75	270	279	249	
99	178	219	165	59	281	190	200	66	138	275	268	115	99	83	287	130	175	129	259	291	182	195	122	297	187	151	129	80	180	164	
100	207	257	277	248	294	262	231	55	183	131	84	184	244	127	295	250	51	263	129	168	159	274	244	178	165	82	168	102	54	120	

[*,*,4]: 1	2	3	4	5	6	7	8	9	10	11	12	13	14	15	16	17	18	19	20	21	22	23	24	25	26	27	28	29	30:=
1	55	243	237	80	191	283	134	58	137	219	270	250	262	232	207	101	77	152	135	146	101	114	55	211	186	258	130	109	134	285	
2	282	92	205	294	292	226	183	72	157	213	214	162	97	300	180	80	217	167	78	294	65	235	147	273	152	297	150	189	140	159	
3	52	222	271	132	87	190	217	129	289	130	107	127	151	172	68	234	255	82	268	58	143	98	241	83	282	212	87	204	188	209	
4	53	191	210	227	286	171	264	106	104	214	107	73	255	89	219	297	181	221	158	52	67	52	156	133	223	293	163	230	227	94	
5	199	292	247	267	274	195	213	289	125	68	104	226	165	151	281	149	84	57	237	60	110	91	133	119	253	147	100	156	71	263	
6	265	275	117	298	156	60	164	212	65	200	83	290	101	65	155	125	122	120	257	207	141	104	206	74	206	290	289	107	108	97	
7	209	93	75	70	264	191	170	143	197	242	230	87	177	67	203	109	75	92	54	183	207	148	57	115	72	177	238	226	292	204	
8	284	218	134	265	247	117	255	241	87	170	198	91	115	120	241	253	150	257	241	138	87	192	57	252	76	247	129	100	253	267	
9	85	161	279	285	227	81	55	187	266	188	255	250	136	177	295	293	296	292	211	173	93	84	241	133	258	74	294	183	153	220	
10	142	124	114	276	269	236	257	177	189	215	152	65	205	199	135	205	285	209	246	261	225	252	163	78	275	182	177	111	202	263	
11	134	238	232	76	152	135	103	94	146	264	90	70	143	174	110	135	173	248	220	54	273	242	274	74	133	251	201	261	208	250	
12	126	93	81	81	253	276	199	88	114	258	211	293	214	255	101	102	209	130	137	192	224	154	118	70	160	215	147	158	262	177	
13	167	167	133	261	191	139	63	161	178	89	273	226	295	76	192	97	250	200	117	245	278	280	131	82	204	289	261	185	123	252	
14	58	283	296	71	163	247	253	194	163	227	293	125	257	189	273	221	181	176	96	137	132	197	258	52	269	217	92	60	295	96	
15	108	243	192	236	151	122	170	181	195	190	298	297	98	86	101	81	251	297	156	57	269	124	267	146	81	121	269	243	239	202	
16	107	165	182	52	99	254	152	81	194	248	80	135	227	197	71	188	219	278	221	238	64	104	74	218	278	252	255	229	128	222	
17	215	159	124	256	79	184	194	68	176	87	277	111	210	226	208	284	286	128	118	157	289	263	158	230	207	61	107	239	161	164	
18	154	80	211	64	104	191	138	231	150	285	138	189	78	225	132	57	136	138	52	177	161	173	115	122	65	226	127	270	272	148	
19	147	261	203	124	147	179	250	256	188	127	175	236	216	152	141	132	164	57	207	290	83	155	285	232	87	233	165	102	240	148	
20	162	254	88	132	160	101	212	267	66	207	149	152	157	169	93	130	111	274	93	247	238	220	276	160	281	182	94	264	148	177	
21	53	236	149	112	198	139	282	183	134	82	113	142	80	119	289	207	294	162	167	266	218	240	276	271	177	65	157	127	229	87	
22	254	84	68	110	70	73	278	253	67	92	60	256	57	203	285	118	107	112	110	138	260	124	262	92	183	286	202	174	80	234	
23	200	204	152	52	121	155	268	190	262	170	164	214	101	194	223	271	52	106	295	67	84	276	83	265	239	128	81	133	262	258	
24	175	190	294	261	270	78	80	281	53	276	265	284	208	265	251	239	138	78	92	250	78	256	158	120	230	52	259	107	122	283	
25	227	76	200	60	153	123	205	146	187	71	286	235	300	233	258	247	66	260	54	198	246	96	231	138	229	242	290	82	224	174	
26	75	261	267	141	261	123	182	82	199	95	222	127	109	77	225	84	260	81	248	254	196	263	88	146	53	119	64	212	66	193	
27	153	177	116	207	68	61	270	66	75	294	297	128	173	276	156	296	69	276	280	159	62	289	190	171	95	272	104	62	73	277	
28	154	203	230	93	156	295	77	212	192	231	238	58	175	203	87	117	192	103	130	104	208	256	119	284	269	279	152	156	240	227	
29	100	197	185	294	146	252	207	96	218	130	122	285	67	250	211	108	143	190	166	275	294	205	127	280	183	56	269	100	292	227	
30	140	254	170	211	167	185	211	263	184	81	179	51	56	121	279	200	235	93	144	149	235	180	102	229	205	124	93	282	115	103	
31	147	212	69	56	238	191	98	60	125	59	72	77	213	73	53	178	180	185	137	228	73	59	214	145	126	215	64	133	198	153	
32	124	291	190	120	195	152	278	144	272	167	75	243	194	255	283	261	187	198	152	225	241	87	63	65	112	220	123	115	187	78	
33	74	213	150	163	175	292	199	156	68	191	284	211	89	290	186	113	102	206	128	160	126	51	119	194	53	157	197	282	68	141	
34	272	107	55	163	195	270	146	147	93	261	258	59	68	267	139	63	64	55	151	268	145	209	102	104	180	221	139	159	273	106	
35	148	98	269	296	292	130	281	251	269	249	170	286	180	272	231	277	173	168	241	108	267	212	199	266	156	286	188	73	200	204	
36	231	139	71	237	243	117	76	157	229	150	178	252	253	246	190	286	133	102	285	287	219	283	263	291	89	57	126	242	289	194	
37	68	172	63	89	280	223	210	234	145	253	146	244	87	274	292	98	158	93	87	289	241	77	57	148	113	159	238	231	269	247	
38	126	246	177	278	181	230	132	268	116	219	105	157	230	167	96	162	66	102	142	123	202	141	86	250	291	55	99	288	58	253	
39	265	279	56	141	288	54	294	178	216	160	274	56	83	101	208	169	207	90	204	64	124	76	81	77	259	232	229	55	266	143	
40	250	209	108	182	124	152	61	287	131	122	170	268	245	99	86	213	200	190	205	77	58	261	268	58	262	257	87	131	185	61	
41	219	297	234	137	284	291	193	76	108	255	263	196	96	265	297	139	71	300	292	59	242	225	257	278	136	297	245	130	177	284	
42	164	57	293	254	206	61	294	239	67	285	55	81	71	164	158	53	99	297	126	161	153	172	215	189	51	141	262	246	94	238	
43	192	91	237	112	235	194	169	92	219	55	212	271	232	152	154	216	217	297	61	129	85	288	93	96	150	153	139	297	70	120	
44	78	54	97	292	227	100	119	293	235	246	104	53	191	119	80	162	115	51	241	287	138	87	110	173	106	230	238	238	77	161	
45	168	79	229	213	250	97	156	58	131	291	108	214	248	65	53	225	186	222	182	262	153	299	85	125	77	141	163	56	106	166	
46	166	225	299	239	152	271	95	90	169	242	105	253	190	296	163	204	192	86	65	225	209	122	78	80	146	264	295	296	145	133	
47	259	151	250	139	107	162	161	246	175	235	196	75	158	182	71	167	211	298	65	205	85	233	118	168	139	55	108	165	267	54	
48	278	196	149	63	152	237	243	299	145	78	138	239	116	160	233	184	118	70	223	167	124	185	272	149	293	199	242	157	140	169	
49	61	191	201	135	117	254	270	206	292	76	54	58	157	280	190	161	75	297	141	110	210	144	208	186	133	106	183	251	227	177	
50	86	236	136	140	91	84	137	84	197	240	253	142	149	55	253	95	257	132	221	222	63	198	137	276	202	58	213	56	287	104	
51	152	83	263	294	231	277	221	219	214	80	228	191	229	121	187	94	71	241	292	300	157	53	193	117	109	70	61	279	268	55	
52	206	161	87	170	82	162	206	262	223	123	212	268	194	134	250	181	108	161	118	67	225	158	173	87	178	276	297	78	208	142	
53	236	188	133	180	183	289	238	137	272	183	141	276	229	223	148	217	133	154	71	232	295	137	278	148	161	145	244	109	153	154	
54	289	275	280	251	280	198	62	119	203	240	221	90	96	178	76	225	52	170	194	112	217	278	67	229	174	232	282	272	144	64	
55	257	126	232	61	260	68	115	71	243	202	58	221	153	193	283	193	59	194	110	121	103	259	126	222	204	262	204	143	224	246	
56	286	209	281	246	209	212	52	179	249	153	128	135	88	91	92	286	284	231	251	77	121	188	78	85	212	153	138	257	81	60	
57	89	218	112	138	60	88	145	244	245	105	282	133	118	243	183	204	256	284	51	147	295	205	58	155	287	297	259	155	193	271	
58	126	209	248	229	211	227	127	168	238	200	53	142	222	107	267	300	135	119	259	290	250	176	104	239	136	143	232	257	164	67	
59	298	51	191	233	238	209	216	79	221	189	250	58	175	211	157	271	88	127	292	62	57	156	274	294	90	144	104	63	168	123	
60	217	89	73	295	255	249	160	140	290	75	167	231	163	275	290	154	182	200	231	282	156	235	149	101	186	113	198	232	149	77	
61	250	66	288	200	84	229	297	224	288	195	167	110	146	186	212	229	158	114	182	236	154	259	135	212	260	201	92	72	155	72	
62	62	251	224	262	155	279	282	156	151	129	298	211	162	155	291	145	229	143	82	107	185	199	206	65	264	90	51	59	76	161	
63	56	61	223	130	221	212	165	93	77	285	138	56	69	129	228	300	77	135	113	210	66	280	174	224	223	286	52	208	275	255	
64	245	104	160	228	142	153	95	103	59	155	233	300	70	196	216	225	277	128	143	294	212	92	215	100	142	147	289	261	222	254	
65	282	80	295	228	280	126	124	187	191	261	222	128	223	271	178	259	145	276	69	209	73	262	208	267	230	135	98	149	55	62	
66	233	183	239	267	128	249	213	226	211	234	236	256	271	57	93	230	299	295	101	202	81	260	211	106	202	152	88	94	118	235	
67	287	145	286	283	289	72	158	136	251	283	94	220	299	241	117	80	100	167	103	181	293	251	161	95	140	279	201	209	273	200	
68	270	137	209	274	122	176	67	198	72	68	157	189	61	58	232	272	274	91	238	144	73	247	173	218	102	253	68	237	162	110	
69	240	124	286	76	123	160	284	94	271	110	287	171	169	109	130	142	221	201	184	84	128	99	171	229	133	85	151	176	114	186	
70	172	293	108	235	202	58	151	203	282	158	234	55	77	258	96	252	87	224	290	259	157	83	211	237	55	75	141	138	167	150	
71	88	158	77	124	88	269	64	281	98	122	211	250	228	143	147	285	77	225	106	215	283	198	82	278	137	51	193	292	190	210	
72	272	248	217	247	142	131	238	71	128	201	162	285	208	118	193	267	145	136	99	172	150	116	96	292	86	203	286	85	67	154	
73	118	57	181	196	141	103	67	223	116	190	239	125	189	183	225	75	92	276	155	243	154	201	107	219	250	213	182	231	106	117	
74	167	81	286	195	222	269	74	272	133	148	206	106	173	194	197	292	235	271	261	109	116	286	192	75	264	208	85	233	279	194	
75	261	237	285	96	112	89	264	205	275	158	182	125	87	278	230	261	235	206	169	266	260	59	99	115	149	122	123	164	144	174	
76	180	181	202	178	88	288	239	178	64	193	267	202	101	285	254	173	183	291	269	95	258	172	101	98	139	194	120	255	110	218	
77	167	296	181	54	76	84	220	141	266	217	220	165	51	300	68	283	116	178	58	86	195	130	252	102	175	157	136	204	296	142	
78	215	246	63	64	91	120	205	169	248	277	244	222	107	114	227	293	213	92	300	74	95	299	183	246	124	293	166	51	153	198	
79	297	233	64	263	118	128	248	51	200	211	272	89	176	116	273	269	154	71	126	53	140	126	100	242	147	192	128	54	149	142	
80	218	51	151	157	62	78	52	243	113	227	276	231	277	172	67	60	154	104	295	73	169	60	215	249	203	205	69	102	179	108	
81	185	290	109	225	118	223	129	252	121	211	241	90	112	188	57	189	89	215	293	173	246	263	134	61	243	258	243	275	144	100	
82	260	225	296	113	78	115	259	238	297	251	88	186	250	275	247	166	220	139	200	261	108	177	249	126	147	227	51	102	182	75	
83	52	226	213	115	206	139	92	76	79	262	59	213	271	133	261	187	153	103	261	259	290	57	94	93	221	203	90	56	55	153	
84	298	87	159	96	181	177	245	211	213	109	160	81	100	285	268	236	231	294	96	75	284	196	70	182	232	207	170	101	110	253	
85	168	120	290	146	129	243	242	165	265	124	157	255	81	123	244	155	83	300	144	145	107	163	56	254	272	273	86	234	183	116	
86	271	156	169	188	81	199	73	188	65	186	275	95	159	145	199	241	263	189	121	132	157	139	222	251	69	79	78	161	83	296	
87	238	223	177	215	226	222	186	251	176	94	234	181	112	151	100	82	179	160	235	140	92	180	114	133	56	69	289	100	198	235	
88	120	130	247	201	222	202	239	98	86	98	221	87	284	76	140	202	256	284	105	273	59	118	138	107	135	182	223	217	193	189	
89	70	112	109	152	70	227	205	96	292	256	183	239	197	96	70	261	73	276	212	106	300	261	72	88	203	124	193	75	74	57	
90	276	67	276	289	98	59	274	217	277	196	282	171	266	245	212	66	247	267	87	207	181	196	266	239	239	225	122	98	51	213	
91	114	118	99	244	220	136	68	160	112	294	171	172	70	228	51	78	252	255	250	146	290	61	152	158	164	138	297	287	121	53	
92	289	136	299	51	228	101	133	256	108	66	298	272	128	188	244	125	80	80	230	256	166	290	218	95	71	188	219	277	269	232	
93	88	60	187	196	68	275	190	200	263	107	167	236	59	284	109	133	180	256	193	226	200	123	186	258	184	131	244	74	282	245	
94	239	98	235	57	170	281	224	288	121	238	126	230	141	193	100	245	151	163	170	208	193	275	69	283	162	86	72	101	197	67	
95	98	140	117	57	299	151	239	87	206	222	189	106	226	163	296	244	258	287	126	61	245	204	244	276	148	86	196	294	200	297	
96	246	121	138	102	165	134	249	184	80	182	145	200	183	174	186	90	131	57	148	204	202	241	158	174	86	154	201	70	123	292	
97	281	258	164	219	151	252	281	296	72	153	195	63	224	141	235	248	237	177	188	287	258	54	298	246	117	186	116	273	229	86	
98	291	264	172	287	102	96	113	286	126	298	267	118	138	161	128	192	297	254	230	111	56	166	174	130	143	285	62	93	131	99	
99	137	197	98	189	124	63	219	214	62	242	267	107	71	222	100	270	97	249	229	64	263	97	115	109	254	144	96	295	60	244	
100	226	61	129	293	281	181	156	266	238	288	258	99	67	104	223	69	208	170	133	198	219	177	278	158	171	102	207	134	67	137	

[*,*,5]: 1	2	3	4	5	6	7	8	9	10	11	12	13	14	15	16	17	18	19	20	21	22	23	24	25	26	27	28	29	30:=
1	262	173	52	296	287	59	54	234	204	77	295	81	167	269	280	262	128	177	285	120	175	191	131	129	201	164	213	66	255	259	
2	104	137	69	74	276	66	133	261	84	51	269	238	124	184	269	206	215	231	94	112	149	113	88	72	128	69	248	169	219	230	
3	291	249	266	270	54	66	52	93	62	181	165	186	234	242	103	174	265	179	276	284	87	184	128	108	68	105	269	235	73	280	
4	79	124	258	150	148	243	244	94	68	51	226	253	153	217	128	79	239	198	242	299	169	134	262	206	105	86	218	182	133	150	
5	254	202	259	53	296	288	246	56	201	128	184	220	91	58	51	202	207	64	175	255	82	134	187	205	112	150	134	59	185	178	
6	240	229	92	276	290	96	138	268	284	186	277	115	233	113	74	186	98	256	123	243	154	202	234	143	207	98	158	212	212	293	
7	243	157	81	61	111	197	171	240	286	72	216	57	133	163	233	66	249	291	243	206	95	98	141	53	95	140	275	190	67	288	
8	100	151	72	279	286	200	231	63	73	66	185	197	88	75	273	55	217	149	133	220	265	56	268	273	224	292	224	155	278	257	
9	122	114	82	120	125	242	218	99	270	150	286	136	61	288	134	152	244	240	120	252	233	227	83	155	126	107	208	216	248	275	
10	139	84	193	133	81	164	281	53	239	133	256	191	103	162	271	207	177	79	250	253	172	211	193	252	120	270	231	165	129	282	
11	245	86	137	191	99	76	97	271	250	109	179	240	74	271	170	63	262	77	187	153	184	217	292	144	297	183	263	130	101	261	
12	89	90	81	146	141	143	298	114	286	74	86	131	95	117	85	164	169	138	102	262	116	300	120	298	81	199	273	143	292	163	
13	194	289	176	248	171	97	284	183	219	58	93	106	200	159	204	231	96	131	251	96	113	294	199	236	183	108	146	210	231	298	
14	147	289	152	107	157	62	174	204	232	229	142	149	119	282	198	280	154	189	85	219	205	171	216	143	297	59	262	230	217	75	
15	257	191	186	156	73	70	70	120	114	137	197	232	263	163	295	152	228	200	167	185	77	247	294	264	251	128	131	299	219	150	
16	217	216	159	86	226	176	236	111	86	288	125	186	99	220	175	192	217	268	98	69	209	154	188	57	145	259	95	197	54	267	
17	214	59	247	211	205	268	140	165	94	63	254	249	96	278	151	159	92	94	169	114	290	154	180	232	137	85	208	193	271	220	
18	129	172	270	55	237	257	144	135	291	192	215	250	145	188	139	278	169	288	64	182	59	267	116	56	98	114	142	81	102	169	
19	93	265	230	284	278	267	174	210	230	231	285	201	174	242	293	296	116	154	230	167	73	263	215	58	95	263	196	213	181	78	
20	108	271	249	233	178	242	220	227	121	294	88	76	52	270	63	245	278	263	176	166	277	107	174	209	199	173	187	108	65	273	
21	81	218	117	146	241	143	286	259	175	68	200	87	94	273	71	252	61	233	161	73	77	86	179	270	84	217	193	75	70	76	
22	151	216	118	275	147	79	111	258	147	121	253	283	197	72	237	160	85	212	294	192	129	224	213	152	142	54	160	146	198	59	
23	266	94	63	51	296	227	297	223	259	183	56	126	151	52	94	113	246	96	119	273	187	137	177	192	104	279	246	174	72	273	
24	91	171	64	189	246	235	133	160	279	264	140	133	201	112	81	106	198	178	273	173	271	244	254	174	289	240	244	115	235	141	
25	251	104	240	211	57	111	188	244	189	289	108	290	270	294	62	158	125	92	261	177	225	248	117	206	277	244	284	99	176	246	
26	239	207	163	106	56	257	127	126	261	79	62	136	232	227	104	299	108	167	297	147	187	266	155	119	278	230	297	266	204	246	
27	101	90	288	129	172	263	90	253	106	295	267	102	64	68	219	165	261	166	164	71	107	274	58	111	61	148	257	110	167	145	
28	250	67	238	67	191	74	78	243	258	110	287	251	92	256	187	61	91	187	237	155	151	109	135	122	290	159	220	261	67	271	
29	72	86	287	208	266	205	200	249	166	214	162	269	182	174	129	239	182	132	257	242	171	77	113	201	242	54	267	199	80	112	
30	202	116	203	55	54	293	285	291	243	169	143	227	246	185	123	66	174	183	106	219	154	204	85	62	206	202	72	179	229	198	
31	159	269	204	298	196	65	241	103	82	135	235	253	67	121	55	66	227	55	116	170	65	158	279	119	96	231	95	168	69	147	
32	78	130	142	295	54	229	115	186	104	214	72	245	263	140	94	284	260	175	182	272	138	225	175	154	164	125	243	61	202	57	
33	148	111	131	210	295	230	220	267	176	170	244	211	181	234	114	147	55	126	84	84	76	193	147	190	218	181	272	173	141	56	
34	84	100	142	170	235	158	170	121	126	103	218	230	286	247	52	163	172	154	289	255	223	189	256	281	292	84	94	235	280	215	
35	126	193	65	291	116	81	189	236	271	275	104	71	166	210	203	104	106	222	65	114	67	197	231	130	154	77	253	161	210	297	
36	117	219	263	280	205	272	134	255	181	152	264	172	51	103	81	266	137	63	231	131	259	282	261	238	91	252	158	146	199	247	
37	147	82	116	201	200	51	154	236	224	257	103	243	100	211	126	113	275	92	175	174	86	219	211	259	63	188	210	110	144	166	
38	235	284	290	283	215	94	76	169	251	112	190	186	84	54	221	235	250	252	284	230	59	204	186	89	87	151	265	198	238	221	
39	147	183	153	270	127	251	280	228	211	74	82	59	255	162	243	255	261	231	176	150	87	140	241	285	288	156	197	213	294	87	
40	268	96	221	132	132	96	149	148	151	179	162	280	133	214	152	120	170	160	178	129	138	128	289	178	127	281	248	169	280	144	
41	87	236	203	93	124	270	170	120	128	240	84	76	139	167	206	216	160	277	89	91	203	209	172	146	149	176	104	129	160	65	
42	246	149	180	294	57	170	143	59	244	172	281	264	246	248	254	288	91	199	238	142	293	143	273	118	150	51	269	158	172	292	
43	188	124	271	281	139	206	215	170	286	135	195	274	212	188	233	117	127	296	106	188	122	152	189	97	119	242	247	87	240	264	
44	288	269	182	122	71	186	115	202	159	137	133	176	90	262	104	252	240	114	247	55	202	144	105	94	182	174	178	172	151	146	
45	199	95	257	91	238	240	294	82	93	244	266	129	65	290	138	206	133	66	109	168	293	233	65	288	110	203	214	245	197	256	
46	281	180	145	289	151	299	282	116	100	217	70	174	288	252	249	65	72	253	205	136	106	237	226	115	206	235	107	282	91	84	
47	85	232	77	152	212	207	68	273	218	119	82	57	159	200	231	84	56	200	168	221	175	275	51	204	206	113	55	241	83	110	
48	111	92	123	69	174	127	208	210	237	260	227	166	171	189	78	239	245	293	101	219	176	205	66	251	167	80	221	278	241	161	
49	187	291	266	77	128	60	142	158	58	266	292	198	117	53	191	298	267	140	217	55	62	100	212	101	70	77	58	192	292	73	
50	216	51	192	265	92	159	134	165	81	178	59	212	288	201	101	255	80	141	82	90	160	258	293	112	125	119	131	288	106	113	
51	229	87	294	156	267	277	167	293	280	268	177	225	220	128	221	264	286	179	86	119	210	278	271	65	132	105	165	202	300	66	
52	81	124	74	224	171	93	220	140	135	99	115	83	293	106	236	81	113	155	140	181	81	261	169	92	91	209	107	248	86	255	
53	67	199	148	294	88	163	149	276	154	129	196	188	273	245	88	171	169	64	73	70	280	97	121	62	260	269	196	287	230	65	
54	126	244	274	142	119	148	206	65	57	207	247	292	76	211	228	98	77	81	140	173	279	257	232	225	113	149	272	161	114	106	
55	183	278	99	80	135	121	129	229	253	283	235	139	252	219	231	150	66	161	193	218	228	287	230	283	280	171	228	125	295	125	
56	110	94	146	87	281	296	233	252	193	290	122	299	189	180	281	259	85	264	141	250	71	217	154	141	55	128	219	271	226	251	
57	109	125	68	238	277	78	193	261	193	71	223	269	135	163	128	105	58	273	101	105	109	129	154	184	62	55	212	87	175	293	
58	125	95	178	259	199	182	252	292	153	90	132	153	117	55	276	123	142	104	203	218	164	110	213	289	221	189	125	235	142	241	
59	98	197	78	241	178	233	198	137	274	248	125	100	239	138	265	160	108	238	81	221	300	134	160	248	151	180	226	186	295	143	
60	116	197	220	171	277	212	119	100	170	294	278	107	136	117	196	203	227	227	192	245	170	293	264	106	116	105	123	283	114	220	
61	85	67	185	283	146	86	269	136	72	261	184	286	147	277	69	133	271	123	79	299	126	58	130	148	197	247	244	277	114	99	
62	287	177	149	182	231	53	298	80	100	225	112	88	220	152	105	218	106	197	247	169	254	243	108	228	226	242	252	288	114	275	
63	109	107	68	272	142	190	58	91	191	252	237	118	294	164	240	183	292	86	258	73	157	289	160	64	251	210	132	145	137	145	
64	142	289	261	210	102	152	129	215	110	244	66	94	190	175	141	255	167	100	149	128	96	55	95	137	212	60	120	191	173	260	
65	259	55	93	161	202	62	57	79	163	234	140	269	252	273	192	181	273	176	256	189	91	108	247	81	168	245	230	101	150	74	
66	279	265	52	56	94	74	134	286	181	277	66	285	109	113	170	74	198	107	277	198	109	210	110	79	174	165	214	105	201	293	
67	261	205	112	130	104	196	139	105	215	89	67	192	281	165	78	195	226	230	247	67	52	59	232	149	243	185	268	83	181	244	
68	180	198	109	153	164	132	196	141	161	197	183	68	134	151	243	221	169	52	132	144	297	269	175	150	194	237	227	124	65	89	
69	170	54	201	198	298	283	163	281	163	272	213	133	228	55	197	225	167	258	73	91	288	288	116	66	76	135	204	67	92	84	
70	79	300	53	107	283	144	52	243	171	128	193	275	126	203	197	280	268	166	218	96	294	92	220	292	73	105	242	251	235	80	
71	264	173	152	164	117	128	288	210	225	57	260	246	196	79	116	146	205	73	66	116	112	251	263	268	70	291	180	299	206	135	
72	146	69	130	190	265	221	113	294	275	193	134	93	300	261	74	254	104	142	104	110	105	175	189	231	282	236	205	77	107	162	
73	228	222	154	268	269	158	142	211	73	52	178	128	239	263	51	118	113	54	99	78	269	125	108	255	201	116	106	258	89	152	
74	155	285	57	115	269	127	134	104	115	295	188	259	172	141	109	258	79	263	59	75	262	296	56	174	96	258	138	284	215	257	
75	114	150	154	238	90	177	270	263	52	147	146	226	223	258	275	209	71	234	117	270	135	171	104	62	95	293	108	135	262	51	
76	158	276	262	204	272	187	132	103	91	220	212	268	185	92	239	128	196	243	270	242	297	78	125	157	251	192	203	54	241	113	
77	91	120	101	189	97	112	129	268	136	185	151	114	205	154	262	111	209	108	57	222	248	150	298	278	137	201	213	163	101	84	
78	147	256	234	61	292	213	299	140	289	206	284	266	91	83	272	127	206	294	245	187	240	196	201	272	210	112	169	80	229	300	
79	269	95	103	84	144	231	202	238	270	221	172	132	213	115	253	57	154	270	203	280	251	71	261	97	144	85	215	179	113	177	
80	109	203	221	90	106	201	77	101	145	142	195	241	196	298	162	70	162	174	208	51	77	106	249	165	154	147	220	250	150	133	
81	239	290	239	180	232	266	149	248	75	220	85	78	114	209	85	114	132	115	197	173	175	154	76	226	266	280	72	175	218	135	
82	181	265	170	110	183	53	81	248	127	188	245	219	291	84	288	289	153	187	212	130	182	96	173	272	71	113	231	86	260	193	
83	210	248	221	275	126	244	183	174	64	88	253	112	253	74	265	174	128	287	207	139	233	122	266	184	190	86	168	218	96	98	
84	77	256	180	170	83	228	158	160	241	222	78	89	70	177	97	250	210	84	246	145	147	252	64	135	276	126	118	257	155	67	
85	111	181	144	117	262	115	168	85	83	232	187	139	280	126	189	110	163	72	212	231	148	160	199	154	229	236	70	149	81	146	
86	257	145	56	102	286	236	58	131	250	174	259	245	272	259	239	59	70	242	170	142	236	82	140	238	272	63	154	189	237	142	
87	82	240	228	224	292	266	112	209	279	72	154	145	107	116	252	285	291	239	75	131	56	64	214	100	107	140	61	137	233	198	
88	174	122	148	168	256	69	265	146	280	163	170	261	129	148	231	56	235	281	89	168	135	219	170	138	112	236	284	133	218	240	
89	280	177	267	76	276	278	133	225	273	181	151	193	132	91	90	191	260	265	110	256	297	57	224	127	274	163	243	254	96	176	
90	62	182	144	121	185	148	158	285	92	165	105	250	291	151	143	54	214	156	225	62	180	194	122	131	58	133	53	248	269	296	
91	61	53	203	69	76	292	71	253	188	224	299	86	166	262	237	245	94	201	231	64	211	69	107	281	268	131	73	254	155	159	
92	172	180	203	167	193	224	149	148	70	103	264	74	196	260	252	224	197	115	208	231	160	190	216	165	87	101	223	276	94	169	
93	152	194	134	288	260	175	189	59	185	169	81	53	176	121	220	221	83	155	259	261	131	228	275	208	191	177	169	200	264	175	
94	198	157	128	118	215	91	75	160	145	290	287	253	72	58	51	146	280	51	233	147	273	72	275	178	177	125	104	65	61	271	
95	94	159	54	251	185	154	223	276	149	135	116	215	232	240	129	201	51	216	293	77	140	119	278	289	131	80	56	234	285	227	
96	131	201	272	136	156	168	223	69	183	230	227	109	120	120	54	101	251	115	256	186	281	111	219	104	257	141	256	124	122	216	
97	238	113	170	286	53	211	232	164	144	222	121	210	223	292	145	294	147	257	65	253	203	231	180	270	217	160	157	164	132	205	
98	284	119	147	207	131	142	294	257	138	246	217	276	294	167	264	256	122	174	99	57	144	239	174	53	165	125	209	155	129	295	
99	127	164	282	109	185	276	121	140	222	76	290	96	56	250	298	68	250	119	101	163	204	66	208	59	134	118	182	85	88	145	
100	139	134	97	214	63	265	66	68	85	299	69	78	294	68	101	263	185	180	56	237	60	62	233	160	160	296	210	225	233	252	

[*,*,6]: 1	2	3	4	5	6	7	8	9	10	11	12	13	14	15	16	17	18	19	20	21	22	23	24	25	26	27	28	29	30:=
1	260	277	133	266	238	95	180	81	256	181	105	295	298	228	115	198	222	269	186	132	254	108	176	233	66	145	57	204	86	244	
2	64	262	76	264	130	294	296	130	53	162	166	129	204	86	54	263	216	274	76	154	219	194	178	119	251	104	292	121	219	75	
3	83	215	66	239	147	106	277	270	234	98	147	259	135	57	127	67	98	165	51	206	285	62	74	293	124	140	88	215	285	115	
4	55	207	230	249	249	283	154	221	111	200	218	232	181	71	51	178	180	94	171	225	224	161	279	66	289	139	201	104	214	184	
5	276	283	275	155	95	285	143	56	154	92	64	135	249	77	181	182	143	58	167	271	113	275	237	272	122	59	191	169	233	250	
6	134	242	243	292	275	122	196	70	168	118	197	66	177	153	78	114	279	64	293	297	66	111	66	299	199	212	279	119	225	147	
7	86	161	203	233	281	165	217	68	197	161	182	266	182	135	291	211	204	72	77	137	179	146	171	191	187	207	153	273	114	219	
8	208	109	293	208	127	208	176	82	280	202	122	215	245	286	180	96	299	92	113	228	140	270	229	106	215	137	78	261	291	289	
9	190	146	173	177	293	115	119	277	291	125	193	218	146	293	284	134	91	83	53	147	56	150	183	281	284	184	159	172	100	110	
10	283	205	144	216	69	287	227	85	154	96	105	138	189	91	201	53	141	134	236	74	250	172	159	68	226	271	238	114	184	135	
11	288	211	109	252	164	187	267	147	187	157	79	112	138	82	201	149	131	175	238	132	163	56	57	91	224	87	218	90	261	57	
12	251	299	157	177	105	280	246	272	246	208	70	58	93	203	71	154	166	59	186	246	288	105	256	63	86	229	229	97	153	153	
13	186	61	153	221	89	225	246	78	77	103	127	218	195	257	67	174	103	290	163	213	80	63	149	62	51	256	295	266	119	154	
14	166	110	55	149	72	213	280	282	116	290	253	68	229	62	58	206	242	250	56	295	55	192	225	123	289	202	237	250	118	67	
15	225	233	155	82	107	276	93	141	221	279	210	203	99	153	97	278	173	81	165	285	125	203	154	72	51	64	224	295	296	151	
16	175	105	86	88	264	201	241	61	167	102	190	119	197	67	182	142	163	264	251	169	186	192	142	149	220	297	208	134	274	61	
17	243	236	260	117	96	279	109	134	185	71	147	262	172	170	67	95	159	269	147	228	75	72	109	96	83	158	181	154	234	232	
18	144	266	268	77	182	212	209	295	268	80	95	185	168	60	235	53	293	59	218	87	70	52	248	107	107	59	298	127	171	246	
19	71	277	112	152	255	83	146	242	235	183	199	134	232	184	277	207	186	217	255	235	238	184	246	150	259	133	73	83	117	115	
20	166	231	236	184	196	75	88	243	278	260	243	189	295	292	71	103	79	115	184	161	293	146	263	227	93	169	251	98	116	265	
21	140	226	82	275	111	155	64	227	66	268	273	184	224	247	67	202	164	245	203	202	77	64	86	291	244	221	210	260	123	95	
22	120	56	196	287	294	208	62	136	281	248	113	66	175	149	209	268	265	201	61	255	151	85	77	176	237	123	98	291	266	86	
23	177	209	61	123	291	64	241	86	252	75	182	112	216	139	68	216	72	241	78	67	178	92	60	75	279	156	216	71	237	54	
24	172	289	147	114	70	109	297	142	125	93	224	82	202	161	291	232	78	273	201	110	117	175	101	291	87	74	290	218	228	54	
25	70	83	74	167	95	234	300	200	265	220	57	105	276	178	57	223	241	275	299	153	219	144	128	195	260	162	218	267	223	163	
26	293	281	231	89	73	242	168	261	258	168	136	114	142	256	134	221	243	92	94	60	121	180	191	208	117	67	212	86	70	282	
27	214	241	204	173	146	265	182	245	276	196	233	60	247	77	253	160	77	251	77	99	87	144	163	188	83	121	224	181	221	270	
28	184	117	63	84	226	79	173	202	179	119	283	178	169	211	125	124	154	86	130	222	107	100	169	104	109	102	249	224	242	107	
29	242	240	128	65	239	116	224	184	236	298	77	156	263	104	199	297	189	267	276	204	225	216	169	195	79	262	98	185	84	165	
30	193	200	147	168	117	128	288	274	200	91	255	197	212	180	196	58	63	76	241	222	69	179	51	112	187	273	106	62	53	205	
31	190	195	61	84	169	258	174	300	132	160	193	236	262	160	288	134	107	152	59	105	67	233	232	249	222	201	257	53	204	249	
32	257	264	272	89	154	254	56	167	217	142	160	67	187	274	246	166	254	135	243	292	244	144	264	168	172	75	53	161	238	52	
33	192	96	190	263	276	274	131	200	133	121	124	108	278	107	93	230	104	111	221	131	217	118	225	172	62	84	161	170	185	219	
34	156	113	77	217	60	300	175	252	63	137	179	171	79	142	284	189	128	82	237	223	153	152	205	236	149	243	140	102	78	230	
35	116	252	69	162	94	76	85	127	236	230	226	296	65	250	267	290	271	77	195	186	82	138	235	97	208	180	182	272	78	98	
36	74	201	172	164	54	108	97	271	164	227	147	199	278	176	53	73	235	138	61	277	232	106	70	89	51	193	204	233	215	118	
37	56	241	293	65	135	84	281	293	63	231	299	104	105	213	74	279	83	290	230	224	98	136	248	276	70	144	135	221	146	193	
38	65	72	237	87	292	218	273	282	162	103	106	246	168	285	132	96	75	162	296	185	200	76	169	63	161	75	147	101	299	222	
39	105	84	277	67	186	72	271	166	212	205	240	208	93	166	294	178	115	202	257	282	144	242	67	213	279	248	66	297	95	278	
40	134	239	51	170	90	176	247	114	231	220	72	96	244	180	164	272	206	222	267	67	89	189	59	58	177	139	247	285	167	193	
41	93	109	282	245	62	216	219	167	72	229	171	247	96	145	286	259	93	291	95	267	137	292	200	294	279	212	185	268	193	74	
42	290	226	144	115	58	168	157	172	197	177	177	149	130	162	165	232	93	237	223	54	139	177	82	155	208	121	74	236	224	154	
43	58	122	283	287	145	107	142	155	202	157	146	122	136	174	51	121	254	62	286	272	85	96	71	208	208	147	184	86	134	114	
44	156	241	291	277	202	231	232	290	240	136	272	124	292	237	261	250	221	60	187	159	72	293	279	80	278	256	182	220	276	247	
45	218	141	222	80	261	269	245	287	94	189	256	72	269	99	100	82	258	195	177	103	240	114	62	199	190	52	234	240	149	246	
46	205	176	223	296	97	288	57	278	183	207	51	102	261	292	102	209	222	271	107	161	89	101	178	256	76	107	117	245	90	284	
47	118	65	105	105	250	170	100	195	107	164	121	58	274	167	217	132	92	70	221	161	75	278	219	155	138	129	173	71	291	247	
48	153	185	168	254	75	97	278	199	154	273	228	58	264	185	254	164	72	295	159	127	53	203	55	150	186	173	160	230	182	254	
49	124	112	189	130	281	215	58	223	207	226	80	184	148	250	104	214	240	255	117	120	289	89	127	113	65	122	150	137	197	214	
50	134	151	239	150	61	200	168	53	240	246	92	264	88	68	140	134	244	229	232	82	85	82	108	162	263	177	260	55	262	78	
51	190	261	245	59	122	108	257	141	287	220	260	127	89	136	75	183	237	198	219	88	156	185	94	178	180	234	289	101	245	185	
52	68	192	176	146	176	119	216	282	95	156	153	230	194	277	266	266	94	69	85	201	163	189	205	176	182	276	178	144	120	273	
53	98	107	274	284	281	65	85	86	194	113	186	269	157	291	150	276	244	183	97	293	253	215	68	224	103	64	96	232	291	156	
54	91	54	242	263	298	268	91	229	239	180	241	211	132	187	282	125	83	71	133	54	147	244	156	70	79	213	90	132	159	185	
55	189	266	193	277	186	115	196	149	288	248	290	116	158	233	263	262	240	261	147	153	107	242	241	100	154	237	194	217	227	121	
56	124	59	54	203	287	179	76	164	81	291	275	107	127	250	258	154	292	242	53	155	161	76	87	227	195	83	225	57	80	105	
57	280	218	69	273	238	280	123	197	265	81	260	213	194	136	61	82	101	211	98	113	230	186	248	132	135	278	130	65	61	60	
58	293	261	269	232	53	78	118	62	142	75	191	80	52	92	58	58	270	145	287	146	229	289	169	71	68	271	289	105	67	235	
59	300	185	216	215	168	230	122	106	197	116	272	241	140	258	216	58	189	60	88	59	230	264	257	54	281	238	282	101	214	80	
60	141	139	239	246	111	160	121	140	198	222	297	239	95	126	99	166	109	211	279	134	249	199	92	162	100	90	265	206	152	59	
61	217	216	267	143	87	125	249	249	241	124	283	258	93	234	73	140	64	205	185	260	221	61	113	159	64	207	140	104	80	197	
62	293	192	68	142	76	232	268	154	287	141	251	102	149	129	105	264	260	205	77	125	108	178	144	238	241	65	109	217	54	212	
63	81	265	273	139	249	100	113	201	80	285	240	187	136	275	282	138	112	214	118	202	158	101	140	175	95	285	276	152	176	233	
64	196	193	205	88	200	178	120	69	90	266	94	132	248	261	249	204	145	296	284	78	190	77	224	91	182	224	221	63	96	290	
65	170	130	89	139	220	179	258	116	177	204	83	149	255	214	176	83	293	263	81	157	94	261	94	259	230	284	162	241	115	112	
66	229	71	92	240	198	227	270	230	97	142	90	78	241	161	112	275	243	135	223	146	101	204	241	79	255	281	278	151	119	168	
67	163	68	215	158	164	118	105	174	267	215	134	140	168	86	174	67	122	67	85	190	152	238	71	103	67	240	201	120	276	246	
68	222	145	197	103	76	165	158	113	256	75	157	252	86	133	51	88	249	144	255	55	64	273	264	252	56	175	83	294	117	225	
69	220	178	205	87	169	292	100	141	146	64	256	147	125	251	267	56	188	167	163	288	285	221	152	163	212	235	54	145	267	79	
70	216	185	157	197	184	91	285	151	150	269	280	67	154	132	140	180	268	164	84	287	141	103	137	298	250	274	257	110	191	116	
71	267	235	283	83	108	232	291	173	216	185	55	151	219	69	84	281	208	221	170	80	163	166	234	208	183	129	122	135	141	138	
72	241	97	131	51	92	119	269	204	243	75	145	231	293	183	123	189	211	109	196	137	113	72	106	97	150	239	70	149	227	212	
73	98	250	189	115	85	87	171	202	215	253	192	78	285	229	129	101	286	191	83	208	161	89	226	201	275	299	291	190	274	250	
74	299	59	195	151	91	110	237	241	251	112	180	94	175	275	268	84	210	241	163	243	106	242	77	142	121	261	59	143	285	85	
75	295	103	233	61	60	168	234	142	93	102	155	65	225	82	218	123	135	116	247	52	139	143	110	286	83	129	72	185	299	246	
76	300	193	187	77	247	271	266	52	291	89	255	160	255	273	210	199	131	289	217	220	287	61	153	145	111	95	104	224	166	209	
77	128	174	262	181	228	189	255	141	205	69	127	232	111	57	254	261	162	102	132	232	156	87	264	289	210	225	181	212	175	266	
78	111	134	177	199	297	203	56	240	98	179	282	58	204	152	274	285	222	61	86	125	62	276	203	282	211	182	175	211	140	219	
79	242	116	279	279	131	261	257	245	72	297	288	199	171	160	192	189	56	53	140	227	232	102	92	60	248	189	162	227	238	166	
80	276	167	286	258	274	263	232	273	91	267	82	261	200	284	294	130	171	166	68	223	272	251	98	80	69	59	61	214	122	104	
81	234	200	70	153	69	293	67	199	144	96	245	272	80	139	113	98	163	111	200	233	106	116	208	78	77	108	226	220	279	295	
82	183	272	67	147	245	85	274	51	164	184	239	282	160	65	133	96	70	128	57	57	112	249	131	186	123	237	161	153	244	254	
83	120	238	162	277	269	152	256	99	154	148	59	270	73	62	248	112	133	236	281	298	89	217	210	116	224	129	88	167	127	143	
84	66	281	285	265	90	194	88	188	286	295	284	272	83	220	227	101	79	185	213	220	246	129	298	283	269	82	232	62	271	294	
85	253	194	188	107	295	246	96	138	130	61	221	247	273	204	291	82	156	261	285	88	57	151	57	275	200	113	212	98	153	113	
86	225	236	233	237	191	187	263	218	116	186	140	243	130	258	99	175	274	244	101	169	206	145	157	94	68	86	101	57	241	204	
87	153	165	154	92	262	136	105	256	172	122	156	105	233	151	176	137	205	228	277	217	144	181	167	142	143	231	284	89	100	135	
88	192	68	268	210	134	221	52	64	218	146	168	55	279	112	149	289	107	127	140	284	220	126	83	219	219	104	251	206	103	219	
89	242	117	91	254	57	270	265	290	71	218	89	81	254	84	167	275	275	72	285	100	214	248	289	93	195	289	215	247	83	244	
90	63	86	67	289	159	72	169	235	123	141	288	164	214	191	229	165	249	97	253	60	144	71	178	190	209	266	297	229	287	147	
91	187	95	289	58	51	244	213	250	106	106	177	287	266	209	260	231	79	214	61	277	120	162	228	120	69	119	145	131	128	119	
92	258	226	203	171	150	275	79	73	110	107	182	213	97	151	65	75	69	264	226	245	242	237	211	90	114	243	82	253	292	63	
93	135	191	131	172	283	87	300	153	296	120	52	215	265	265	74	111	68	155	189	195	92	126	239	210	258	264	51	240	62	239	
94	90	64	140	205	139	70	276	73	78	93	66	124	232	174	78	70	192	218	162	295	225	264	159	212	235	66	233	206	269	163	
95	237	75	124	273	60	246	83	102	218	223	96	294	189	270	148	209	252	101	271	250	157	272	68	279	266	65	256	171	300	109	
96	220	278	88	268	210	210	267	219	98	183	174	189	240	58	157	80	222	84	273	75	109	270	205	80	151	299	285	111	183	156	
97	158	63	126	195	196	53	279	271	194	199	184	56	56	150	132	270	89	56	197	95	261	147	58	116	98	99	245	119	163	197	
98	104	218	127	249	76	246	96	171	169	188	233	63	133	222	105	159	163	234	62	172	83	270	155	63	157	99	143	149	157	228	
99	144	119	104	162	154	197	176	207	295	234	276	54	176	121	178	56	120	165	221	92	124	256	110	155	192	64	218	82	95	288	
100	181	149	156	198	294	85	180	127	217	255	78	193	196	57	275	289	60	59	56	91	51	95	205	89	116	247	66	146	102	59	

[*,*,7]: 1	2	3	4	5	6	7	8	9	10	11	12	13	14	15	16	17	18	19	20	21	22	23	24	25	26	27	28	29	30:=
1	189	257	164	191	139	144	123	193	169	168	96	276	248	79	212	219	145	106	216	51	193	259	110	146	58	220	94	154	145	183	
2	231	284	252	61	261	145	217	192	181	205	162	54	239	191	171	259	272	249	280	262	106	52	235	95	68	105	133	176	196	140	
3	64	200	99	173	271	275	270	175	259	224	183	151	148	253	107	102	212	58	291	135	174	289	295	300	131	223	145	296	197	121	
4	56	124	120	288	87	295	259	264	244	142	98	103	155	224	96	106	159	198	259	82	96	104	186	259	75	279	295	58	261	250	
5	100	104	116	90	284	270	127	165	259	288	218	87	137	286	59	80	291	238	116	86	206	91	213	72	226	217	110	220	240	214	
6	74	284	294	119	184	175	221	55	126	144	299	108	51	124	274	298	210	206	212	156	202	172	63	151	113	133	212	285	165	102	
7	66	53	231	69	285	125	197	186	108	98	195	280	98	219	127	174	296	160	187	268	193	131	225	233	254	125	234	241	54	144	
8	191	252	229	262	186	61	190	244	174	142	281	183	252	230	239	198	272	66	200	132	77	176	106	112	182	213	292	130	290	265	
9	146	108	250	182	67	77	254	282	218	54	200	298	251	282	107	87	230	104	220	153	62	152	79	70	279	140	236	226	81	168	
10	77	116	144	248	195	216	283	110	218	265	69	213	299	132	102	200	78	74	279	278	260	112	55	138	300	228	150	227	248	116	
11	200	193	62	275	180	109	67	119	80	177	148	82	133	205	253	230	125	203	265	218	258	73	235	252	178	112	271	274	135	120	
12	97	173	279	249	134	136	300	198	296	132	242	195	61	109	122	139	235	130	263	109	289	170	164	125	169	160	131	270	181	233	
13	214	152	137	271	259	184	64	220	206	172	178	225	175	242	240	281	113	173	248	90	112	93	63	246	233	96	141	201	84	227	
14	288	205	143	82	139	232	144	133	189	113	262	189	146	282	178	158	261	189	187	51	83	128	216	208	149	145	105	264	293	61	
15	101	228	221	59	177	97	284	281	232	181	209	275	239	168	128	53	104	198	119	146	117	205	249	114	82	135	293	133	208	298	
16	255	270	193	172	197	167	231	94	145	80	166	166	177	137	279	236	253	270	195	204	212	60	174	142	278	175	241	67	217	146	
17	258	103	187	149	293	146	63	100	72	147	176	246	283	139	179	117	271	142	224	86	300	227	190	239	155	91	178	87	149	113	
18	229	271	245	228	123	295	216	281	268	51	235	157	190	297	135	117	243	270	194	214	143	156	74	134	238	260	149	217	257	171	
19	250	197	170	279	52	146	131	254	126	110	151	160	59	171	71	55	289	64	240	103	101	121	231	52	169	230	166	188	189	202	
20	273	79	63	120	267	161	134	104	65	296	238	177	299	102	291	108	157	147	245	300	156	108	90	221	73	187	268	199	84	124	
21	74	136	244	151	74	81	235	97	230	260	135	160	287	101	60	231	84	129	194	238	171	113	180	219	212	252	61	276	86	120	
22	226	262	241	111	220	179	77	190	94	171	87	152	159	232	110	103	58	270	291	72	69	88	84	197	236	172	164	65	92	258	
23	279	76	95	202	143	66	55	292	146	63	290	257	112	195	294	161	71	103	283	300	124	230	109	116	103	209	52	79	167	120	
24	156	296	255	298	241	127	68	299	245	60	93	128	237	213	178	131	218	271	68	67	261	212	224	89	143	192	201	55	262	291	
25	287	157	275	217	110	251	273	110	201	90	247	290	266	54	199	141	142	53	166	138	176	91	241	153	79	199	67	229	253	90	
26	284	52	295	254	215	81	138	280	151	284	138	107	251	265	84	262	139	180	196	238	104	106	77	70	112	298	101	150	189	162	
27	173	280	95	63	111	250	69	130	297	157	58	94	194	205	139	145	278	242	230	290	107	176	79	249	129	294	66	188	280	298	
28	271	187	57	92	133	99	160	261	300	81	114	299	124	213	275	185	295	56	119	62	205	232	77	217	240	114	97	77	226	231	
29	140	210	115	269	160	239	107	284	264	219	112	71	252	100	144	169	123	273	222	110	233	68	138	180	160	160	65	78	298	120	
30	288	211	242	220	84	257	291	125	300	94	122	299	132	220	86	274	87	140	239	74	123	177	214	70	128	197	291	164	289	190	
31	94	300	213	231	114	297	224	199	276	231	195	238	278	216	291	221	164	207	153	244	220	251	281	271	195	107	121	83	156	115	
32	148	103	103	61	205	299	130	166	79	184	93	236	274	261	240	51	292	75	200	115	193	145	286	184	133	219	72	290	190	123	
33	220	267	191	202	231	152	167	279	134	122	185	190	170	64	55	196	179	155	107	176	279	224	92	292	127	258	59	246	102	262	
34	233	154	76	279	86	173	289	157	113	272	258	291	228	267	75	150	190	158	71	101	244	158	260	243	117	277	141	101	149	221	
35	248	168	199	269	93	52	147	234	90	94	256	179	164	83	276	214	81	248	56	244	176	140	278	74	128	65	101	60	126	182	
36	54	54	222	67	79	194	75	254	71	142	168	206	237	198	246	234	269	78	185	219	104	66	204	204	170	286	235	96	244	115	
37	266	275	246	234	282	284	221	173	155	60	189	232	108	199	223	125	197	107	109	146	109	72	173	185	256	208	146	52	73	145	
38	205	241	283	129	131	204	251	210	99	95	245	222	265	283	257	79	187	241	226	146	208	221	295	234	290	135	271	243	62	265	
39	255	77	149	201	289	98	114	203	262	76	179	264	153	55	115	204	271	120	263	137	171	84	190	100	84	100	113	221	283	121	
40	262	141	88	191	177	85	255	105	81	205	102	103	222	170	87	113	163	273	112	155	179	113	147	60	243	160	173	209	219	211	
41	267	211	252	102	277	135	69	95	200	195	65	55	274	75	119	139	86	232	97	92	209	71	279	219	250	119	65	265	94	179	
42	157	108	156	220	190	266	146	239	68	83	298	259	53	292	192	92	242	114	171	193	127	123	147	298	229	197	250	161	65	137	
43	258	284	234	225	122	225	132	257	265	146	256	233	287	99	74	92	97	175	191	61	272	280	100	268	160	148	161	275	124	140	
44	224	68	111	274	184	153	245	299	69	167	274	154	79	240	147	85	215	127	70	60	247	181	147	101	93	129	178	60	159	167	
45	136	283	209	234	107	297	202	268	182	262	190	219	277	95	108	225	269	228	238	265	278	225	116	256	140	149	99	81	90	259	
46	81	70	218	112	203	178	199	146	253	98	62	173	80	196	170	237	209	168	51	126	270	80	266	79	110	120	72	166	255	77	
47	197	288	84	247	109	220	148	126	151	123	58	219	244	128	96	203	95	131	107	66	261	94	279	80	150	215	234	235	204	270	
48	122	202	245	286	217	100	284	161	219	125	180	285	200	124	188	56	103	278	226	284	234	172	82	175	263	126	182	220	84	72	
49	205	103	121	194	171	87	229	181	114	253	229	288	154	126	187	201	134	130	115	122	156	165	213	88	66	96	55	257	252	271	
50	291	114	64	143	275	108	278	281	180	111	260	200	227	63	261	96	268	255	66	176	230	61	289	293	66	65	270	192	119	139	
51	151	259	272	152	231	148	102	213	74	188	204	128	159	138	197	172	232	92	56	191	133	229	126	83	237	270	209	262	72	131	
52	237	241	103	300	297	57	271	274	241	81	237	259	254	80	265	96	149	153	219	265	190	62	193	54	95	207	55	127	160	102	
53	136	254	123	230	160	59	52	286	211	184	212	186	124	102	175	258	300	115	95	244	255	195	293	180	63	149	141	144	79	196	
54	126	174	125	103	239	80	287	277	132	77	154	268	205	104	166	94	69	239	89	153	182	65	121	179	114	127	199	189	142	208	
55	273	278	249	238	243	182	249	165	149	146	294	254	266	242	76	290	56	281	288	59	105	234	139	252	86	75	88	178	266	222	
56	54	221	261	146	213	263	75	286	225	295	81	102	138	90	116	210	191	159	218	65	156	248	137	68	77	116	66	287	164	191	
57	243	220	179	172	64	267	151	299	88	272	175	263	262	100	271	252	103	124	182	207	262	262	116	72	138	300	144	192	265	227	
58	88	54	119	267	133	162	299	250	116	64	163	61	227	58	103	225	112	244	135	54	127	119	181	287	226	72	217	259	212	219	
59	104	188	274	103	97	181	232	210	262	232	186	193	234	73	290	248	156	177	158	226	143	300	268	66	56	184	120	203	152	113	
60	208	171	150	146	81	83	264	157	146	91	110	239	215	212	208	144	224	250	221	204	234	217	165	70	255	178	151	271	284	131	
61	98	121	212	62	166	173	80	223	147	283	195	232	81	241	273	225	93	199	239	262	138	112	128	288	61	269	299	183	246	250	
62	104	279	244	105	179	90	147	217	253	218	258	120	127	94	97	59	125	165	102	239	172	267	201	131	279	285	213	91	213	70	
63	143	298	260	290	187	154	173	126	268	51	104	218	105	245	249	282	76	229	216	158	270	139	54	157	247	113	55	300	63	149	
64	265	255	273	273	172	176	145	294	64	156	86	200	123	204	300	211	180	139	53	292	275	244	93	81	125	193	244	281	97	133	
65	276	133	118	177	55	280	163	138	120	61	144	291	133	61	58	214	177	156	93	173	286	188	75	109	122	297	59	142	296	125	
66	106	267	176	238	189	86	147	205	150	106	262	198	114	125	127	168	275	254	78	269	246	182	277	97	120	178	169	183	232	150	
67	228	118	228	115	191	133	260	266	269	296	229	226	102	270	180	220	78	264	283	200	122	235	245	206	102	95	210	55	171	62	
68	81	167	93	63	286	252	105	124	293	117	160	111	127	222	226	124	197	140	73	61	107	172	192	264	56	235	102	225	161	204	
69	53	79	78	294	212	57	166	130	157	154	122	214	131	132	79	166	291	269	144	293	66	53	255	288	130	232	239	276	135	222	
70	111	272	164	77	148	164	183	201	171	256	244	277	113	109	79	208	101	292	201	111	221	284	101	141	108	186	154	74	120	52	
71	247	259	160	73	154	267	261	255	96	288	68	201	113	245	65	119	175	70	146	167	226	54	224	210	111	208	270	135	300	155	
72	253	177	86	92	149	141	206	199	279	248	179	235	129	77	104	229	117	117	288	255	221	289	240	180	193	277	160	76	91	178	
73	232	60	75	269	107	241	214	174	58	292	217	285	154	154	266	165	134	241	160	270	150	135	282	277	86	252	230	128	232	127	
74	287	239	238	74	202	191	217	75	211	276	236	135	217	161	229	282	228	85	56	150	295	264	162	98	141	76	251	122	300	200	
75	206	104	167	129	294	283	200	178	76	239	112	205	174	94	283	196	215	294	87	206	110	254	269	207	86	160	58	229	299	234	
76	135	276	290	76	175	170	86	252	105	228	254	142	116	267	273	173	298	229	281	140	176	291	164	296	155	217	86	186	151	117	
77	99	266	107	52	79	136	270	90	177	172	267	233	117	52	200	260	259	55	96	289	69	282	279	227	234	235	121	184	296	62	
78	167	226	116	204	216	250	180	267	264	97	107	259	249	56	204	243	54	78	289	288	208	156	80	163	53	161	186	202	62	54	
79	262	150	54	226	117	90	280	276	236	233	288	136	58	168	59	230	156	288	114	239	131	205	104	180	184	200	66	74	299	88	
80	243	231	283	187	238	193	135	220	210	235	274	113	298	240	120	206	131	167	179	267	210	93	205	179	58	250	284	128	160	214	
81	174	80	146	270	270	241	80	99	219	53	76	213	285	87	251	143	297	115	252	228	272	167	56	237	263	115	165	200	125	152	
82	278	300	133	295	248	191	110	161	276	121	112	290	228	257	229	200	69	113	125	179	116	134	112	136	215	136	137	216	287	133	
83	54	188	264	300	144	142	239	222	89	61	74	142	269	123	133	272	53	241	204	253	188	276	87	180	71	300	177	110	244	161	
84	183	209	252	61	204	264	146	180	145	51	165	115	83	61	227	189	163	246	131	279	173	73	101	138	59	202	210	265	217	149	
85	194	98	163	229	85	254	80	206	158	243	248	212	227	238	211	84	220	195	237	181	225	257	226	169	110	55	78	91	223	97	
86	108	113	265	191	74	141	65	266	93	155	107	192	243	191	126	221	185	126	101	179	181	211	139	157	206	83	216	254	278	75	
87	101	117	116	105	279	161	224	217	282	74	87	106	252	206	218	87	247	125	263	204	113	78	105	91	165	72	140	104	265	137	
88	289	60	257	187	297	165	244	82	264	188	61	152	206	206	242	300	286	183	232	87	274	211	227	237	152	55	60	97	150	213	
89	206	297	97	63	254	144	220	169	99	170	181	260	60	163	250	77	245	156	154	57	248	70	256	116	256	227	171	269	121	243	
90	186	133	158	98	207	287	115	151	255	87	133	250	237	158	124	120	149	199	182	112	190	288	197	267	101	275	78	110	135	230	
91	300	247	242	237	169	287	228	90	232	164	88	282	88	178	209	286	200	183	162	231	270	288	229	75	144	274	228	162	51	194	
92	83	271	231	136	289	264	119	277	148	262	171	123	254	76	258	183	91	56	168	211	84	188	97	261	102	173	75	289	153	228	
93	227	124	119	248	269	287	188	255	129	151	257	192	149	191	242	190	64	174	178	178	223	253	135	242	110	154	271	285	195	102	
94	145	133	100	109	80	58	85	272	289	131	274	105	203	118	155	175	51	207	236	230	163	63	120	207	82	128	72	271	287	114	
95	89	271	100	153	160	174	154	101	107	209	188	190	75	173	60	62	220	247	196	149	103	149	261	206	249	218	206	276	291	133	
96	89	98	135	84	52	174	149	75	76	213	251	63	83	186	259	221	156	75	262	93	215	199	285	89	277	298	136	272	198	139	
97	79	178	92	243	225	288	175	101	271	243	208	95	246	289	214	173	286	249	137	92	186	128	255	71	146	276	59	164	285	200	
98	65	275	196	295	299	90	78	134	82	63	53	161	231	79	137	187	285	220	246	215	217	293	109	142	103	272	180	81	214	212	
99	286	249	154	247	218	295	145	233	257	78	214	116	143	113	131	143	214	107	87	107	299	62	79	63	52	226	247	150	110	171	
100	133	252	58	203	262	131	164	176	173	264	191	134	157	264	84	166	287	83	70	237	161	96	236	179	258	126	126	180	102	223	

[*,*,8]: 1	2	3	4	5	6	7	8	9	10	11	12	13	14	15	16	17	18	19	20	21	22	23	24	25	26	27	28	29	30:=
1	297	105	206	174	297	202	113	283	182	102	57	77	122	167	161	134	145	86	255	211	173	275	156	155	92	98	68	169	188	61	
2	268	288	204	219	148	98	195	175	146	78	236	244	197	82	227	264	295	256	129	85	235	189	66	252	163	177	273	254	166	144	
3	240	283	169	57	230	94	186	289	61	198	101	280	100	223	191	237	165	185	243	121	89	243	291	73	215	259	204	279	283	150	
4	141	266	159	265	225	226	298	109	238	91	212	271	212	272	60	126	179	165	147	59	135	225	237	298	257	229	66	181	153	61	
5	246	139	145	186	103	74	94	157	76	160	61	201	63	199	258	297	90	134	197	253	193	189	142	289	143	207	252	103	287	100	
6	199	202	111	109	64	124	172	94	163	92	204	208	176	262	117	65	187	295	57	235	65	107	278	175	78	147	299	179	77	138	
7	150	169	160	268	223	271	290	241	126	105	163	300	184	237	54	276	133	252	84	219	169	190	189	198	68	160	198	269	181	89	
8	272	123	124	204	185	90	250	261	250	218	107	191	256	224	88	112	214	139	83	90	54	142	228	275	152	100	270	259	208	164	
9	258	216	201	162	262	217	244	153	220	296	184	131	224	128	179	68	132	251	192	237	153	114	296	144	254	68	90	264	144	246	
10	107	82	67	59	143	53	79	256	91	151	108	239	57	131	57	135	273	88	136	255	83	161	111	239	283	219	244	258	207	166	
11	214	77	87	130	188	203	90	113	116	240	138	70	195	266	80	225	158	91	188	118	255	244	256	146	53	217	116	141	158	281	
12	91	162	63	239	231	113	106	226	208	229	256	255	257	186	114	146	58	298	244	190	266	226	131	84	209	115	162	169	261	288	
13	129	164	165	130	88	286	145	293	129	235	112	142	223	251	127	157	177	173	257	150	215	218	170	201	125	226	248	286	203	152	
14	225	203	187	146	163	67	168	237	291	148	117	134	190	203	53	198	272	136	233	300	245	300	72	256	218	89	147	281	256	54	
15	145	208	219	107	254	79	163	91	158	129	138	295	152	209	170	163	147	55	120	91	68	184	175	85	192	237	124	73	281	84	
16	280	183	143	299	70	183	72	98	280	103	121	165	72	123	76	64	133	217	278	234	230	130	91	132	291	209	189	184	181	253	
17	252	187	52	222	300	176	115	160	274	231	218	156	278	284	159	68	240	175	63	236	70	86	226	51	128	276	89	236	130	263	
18	230	293	236	240	245	292	77	234	55	152	72	239	104	202	272	195	138	165	90	195	251	103	78	85	294	256	201	172	175	104	
19	94	138	119	225	293	195	163	127	263	86	292	227	93	147	259	136	156	147	260	297	286	181	98	246	132	277	91	99	238	73	
20	293	202	130	71	125	145	243	180	234	242	164	247	260	236	152	194	239	117	76	199	299	110	242	181	186	297	155	284	77	227	
21	296	225	268	80	82	191	205	154	93	107	165	261	60	146	258	142	230	295	219	98	284	136	198	116	199	239	159	112	175	186	
22	92	265	59	128	292	153	181	199	74	239	71	67	270	263	63	277	120	206	125	84	274	69	197	239	103	278	172	156	250	61	
23	117	111	212	214	173	223	148	113	186	73	290	87	106	152	73	136	138	139	174	69	104	163	166	140	267	257	231	207	161	154	
24	267	250	180	126	84	276	137	275	81	77	278	68	191	86	202	214	246	86	220	135	85	152	268	189	187	231	70	248	205	95	
25	231	295	233	287	299	102	66	89	183	110	124	162	69	269	244	70	189	268	239	98	251	105	222	169	130	220	286	118	109	86	
26	92	60	247	98	220	104	300	151	134	294	184	199	202	219	57	177	285	293	74	97	264	113	68	299	235	128	79	283	157	224	
27	69	90	253	209	80	97	185	51	129	209	168	275	247	168	181	222	53	112	268	75	112	120	255	145	259	276	63	138	102	180	
28	240	67	153	191	82	202	72	121	218	79	102	161	202	106	159	217	163	264	127	116	298	159	297	90	165	284	299	243	262	283	
29	178	131	52	278	125	174	142	223	238	249	69	186	93	56	215	121	85	64	185	244	178	89	92	175	95	220	292	130	260	208	
30	271	74	230	233	203	167	69	262	160	291	86	241	261	66	149	274	97	227	136	70	75	73	231	175	232	298	192	285	176	235	
31	143	240	153	280	60	213	295	260	64	279	68	248	142	110	271	85	281	116	283	274	84	211	235	118	125	214	121	259	240	157	
32	192	134	292	237	104	138	222	125	273	143	109	276	193	122	186	132	195	192	133	107	253	272	294	97	276	235	270	62	260	203	
33	218	60	286	128	194	244	169	133	279	258	257	201	158	88	294	258	100	125	207	108	140	141	70	157	296	285	274	237	135	125	
34	129	60	131	64	129	131	259	246	280	127	161	161	212	68	125	280	239	133	162	208	160	106	207	222	130	260	78	114	158	121	
35	130	244	291	208	230	256	264	143	261	147	160	197	221	195	198	103	155	89	124	259	283	222	271	124	165	226	142	121	78	51	
36	237	65	127	198	148	203	204	62	210	87	287	282	84	87	52	103	267	243	55	194	167	202	97	101	205	187	148	158	165	266	
37	112	149	208	129	239	221	224	273	148	131	277	265	217	237	143	176	68	108	217	243	146	183	94	265	194	166	236	183	208	240	
38	274	249	98	118	126	191	172	187	166	157	205	214	229	90	219	219	85	153	230	230	250	196	142	272	99	270	187	159	94	190	
39	145	217	136	200	221	279	64	266	275	249	168	244	171	275	238	253	66	193	218	143	262	99	85	100	126	58	187	249	211	298	
40	252	252	263	194	59	124	237	278	231	290	79	77	112	67	184	102	162	294	164	284	106	155	60	204	232	291	258	218	137	170	
41	75	252	159	230	191	58	91	214	96	199	85	148	159	115	214	83	150	190	259	154	260	218	113	102	255	112	157	96	109	160	
42	203	258	208	238	199	79	93	105	87	116	135	117	225	83	281	209	256	262	176	268	52	282	106	179	127	273	121	294	141	300	
43	285	58	281	119	268	95	120	132	53	197	199	98	79	265	290	276	162	258	93	102	181	166	139	191	73	84	234	51	110	215	
44	164	252	55	67	206	105	221	185	294	82	99	173	298	214	228	94	287	154	177	296	97	207	179	285	215	141	101	70	211	80	
45	197	91	90	249	161	134	264	262	90	258	296	253	53	131	226	214	165	157	135	195	258	261	131	53	101	231	179	216	210	296	
46	135	239	258	206	138	254	245	139	173	73	130	73	249	297	214	85	221	108	164	234	123	140	157	210	271	282	227	138	245	145	
47	228	210	92	206	265	264	205	180	133	63	287	122	171	282	68	262	214	174	237	86	81	128	175	232	216	166	58	262	248	110	
48	69	62	64	70	126	72	198	298	112	219	196	257	116	66	201	102	92	278	130	269	232	297	259	79	235	233	126	153	248	109	
49	176	252	236	295	190	264	292	149	84	71	98	179	106	141	271	216	285	263	237	260	134	162	296	117	205	66	295	105	225	140	
50	211	131	115	189	239	76	119	146	115	165	143	213	295	256	82	196	267	182	205	54	68	260	146	286	162	117	233	224	281	170	
51	189	271	251	86	260	180	284	86	106	77	72	264	291	200	110	193	236	246	220	262	250	238	229	242	151	166	219	198	260	62	
52	132	71	86	245	194	72	272	88	201	242	226	101	197	243	117	108	176	284	290	95	212	218	229	227	245	99	110	171	271	121	
53	241	258	263	265	84	252	104	250	289	244	57	87	217	287	61	83	240	246	194	106	290	270	230	269	64	128	123	141	294	121	
54	211	92	212	166	187	200	80	234	252	217	299	283	98	95	176	250	268	292	299	54	248	245	252	124	162	230	177	83	129	73	
55	74	86	125	175	91	135	221	139	157	58	154	185	270	183	228	152	80	295	217	262	269	231	186	61	228	68	176	164	203	223	
56	167	128	180	53	229	105	277	62	179	189	240	236	102	103	160	192	255	283	194	193	217	99	117	97	264	295	295	205	142	221	
57	291	126	84	63	130	101	171	129	92	188	119	149	214	300	179	291	266	83	109	79	92	220	83	171	144	145	105	144	229	104	
58	64	192	141	91	83	232	132	218	133	278	265	154	253	199	277	256	131	228	99	60	252	231	112	199	167	243	246	275	214	106	
59	139	78	228	77	181	100	297	183	253	175	105	189	298	255	94	115	144	244	104	98	181	110	150	74	262	144	202	65	57	70	
60	153	82	97	55	236	128	85	155	286	278	127	140	286	88	214	61	191	221	290	291	245	124	167	296	143	76	101	269	257	149	
61	245	250	240	235	98	196	243	62	147	241	90	191	210	177	299	172	159	219	263	114	277	259	120	82	156	97	243	69	128	210	
62	247	286	159	153	75	253	85	192	116	276	284	241	236	270	151	283	166	69	269	101	252	115	255	262	234	135	297	72	267	239	
63	244	144	272	238	78	251	286	71	191	262	259	148	78	93	124	287	65	296	216	160	254	218	268	159	253	149	91	209	214	140	
64	206	189	263	101	251	148	164	217	195	153	137	183	205	182	244	147	229	223	131	87	244	143	106	114	85	253	230	66	75	186	
65	127	69	125	299	197	283	165	137	158	155	186	83	181	197	192	204	267	204	204	292	215	256	213	192	174	267	246	212	98	296	
66	99	147	131	113	117	291	151	188	209	53	187	195	277	133	95	234	183	236	139	104	92	102	53	256	99	67	137	132	86	146	
67	83	67	274	241	261	84	246	298	293	61	261	170	275	282	211	178	63	120	137	111	232	294	244	175	278	202	103	172	233	243	
68	243	114	220	82	192	289	228	72	236	241	131	226	252	59	100	265	268	224	69	198	95	259	181	174	99	87	268	177	161	198	
69	268	256	198	155	153	258	284	130	55	128	134	130	238	202	272	179	252	169	250	271	255	271	293	90	64	69	55	154	258	203	
70	73	204	59	153	56	61	160	256	156	117	123	126	225	57	248	132	180	194	230	224	110	117	125	290	266	75	64	134	235	121	
71	116	296	203	284	192	193	299	62	250	264	129	288	232	64	167	52	298	176	111	253	95	216	292	155	206	146	193	64	73	224	
72	198	247	283	157	141	83	238	237	154	254	274	167	279	111	274	139	163	154	297	227	62	295	130	132	163	213	274	300	276	90	
73	188	289	203	295	158	63	215	258	218	269	110	76	231	265	123	135	243	181	299	85	280	134	114	159	133	189	240	155	300	180	
74	67	274	147	199	242	273	245	147	180	261	273	161	156	172	166	109	251	215	141	59	57	178	158	262	67	264	141	256	62	52	
75	222	182	166	73	137	76	106	79	284	201	92	240	130	218	144	129	148	248	188	173	179	268	258	276	281	159	143	195	183	85	
76	270	203	281	222	94	54	101	131	241	202	286	166	272	261	61	273	198	74	199	208	182	252	66	207	53	93	166	82	251	53	
77	242	163	239	60	145	71	72	105	193	231	212	63	173	156	292	86	139	189	99	80	139	135	122	135	135	243	141	275	107	71	
78	218	76	76	213	218	136	125	82	181	144	179	120	227	251	71	59	123	99	250	78	112	57	264	217	178	219	198	180	255	119	
79	250	157	271	279	257	54	72	119	146	216	135	191	281	185	252	224	118	85	175	74	265	109	106	76	121	216	134	214	275	208	
80	291	105	61	127	252	248	208	214	129	216	67	88	260	112	279	83	219	299	136	123	277	77	203	195	57	96	120	105	264	163	
81	100	150	264	242	109	163	200	126	293	242	154	266	131	105	242	172	278	110	112	205	88	216	66	145	254	223	155	204	157	273	
82	292	205	193	61	120	152	254	120	132	144	131	296	127	146	238	90	57	114	277	244	277	155	165	276	221	290	234	204	158	57	
83	154	70	270	250	195	276	223	290	185	237	71	139	218	114	120	265	240	289	243	110	216	110	135	102	59	180	156	94	97	178	
84	94	142	221	56	151	190	193	240	143	253	190	188	271	277	257	53	129	265	294	92	208	262	121	179	120	121	111	155	141	52	
85	256	187	53	285	201	170	144	51	288	274	77	200	283	179	133	273	134	280	238	84	260	166	160	194	71	87	288	201	86	202	
86	295	218	70	58	108	220	130	171	239	209	172	55	254	199	184	102	246	289	278	148	81	194	197	242	228	114	221	136	196	270	
87	109	150	88	98	182	124	61	145	209	156	66	132	202	273	90	218	258	199	124	192	267	217	140	232	112	294	263	268	108	158	
88	286	190	137	100	181	298	289	164	183	146	185	139	79	131	130	190	160	291	290	144	200	102	250	250	235	240	84	190	79	175	
89	67	141	66	88	217	157	261	197	69	192	84	207	253	135	215	169	186	246	85	170	117	199	256	154	294	145	131	76	211	121	
90	231	129	58	57	195	68	163	116	223	225	181	222	270	176	88	117	63	254	164	191	110	112	190	111	117	210	156	176	252	168	
91	277	263	209	206	59	238	72	164	106	134	90	297	137	95	180	273	300	109	68	94	79	75	200	254	266	268	213	296	262	268	
92	111	258	83	143	77	179	179	266	176	98	206	198	137	250	116	107	176	257	155	264	216	62	96	227	258	206	83	130	199	53	
93	94	54	51	291	211	166	167	215	126	54	236	234	51	219	180	124	147	213	76	220	72	91	64	240	242	108	68	268	227	174	
94	137	103	73	132	141	138	109	149	214	256	228	288	229	97	246	173	283	72	77	54	240	116	217	203	92	126	244	94	258	118	
95	140	289	86	160	179	189	78	208	272	249	255	267	274	88	173	294	99	154	65	127	130	297	223	101	285	286	219	187	106	150	
96	247	143	248	232	169	181	239	289	97	78	293	210	225	165	278	71	95	176	190	152	185	186	76	291	192	266	202	283	138	98	
97	99	241	96	240	133	86	129	283	93	284	237	55	199	107	236	189	149	172	273	250	199	161	131	77	83	156	162	82	167	219	
98	189	291	295	189	107	94	256	259	191	241	199	102	128	86	137	108	107	79	118	142	281	216	115	251	292	249	294	266	225	220	
99	288	206	209	238	191	120	94	280	227	78	291	235	57	201	113	170	289	213	147	136	287	131	65	213	99	224	125	156	143	168	
100	262	220	180	209	198	215	165	123	187	80	172	219	231	247	169	82	67	254	171	266	217	189	155	108	271	198	152	215	284	64	

[*,*,9]: 1	2	3	4	5	6	7	8	9	10	11	12	13	14	15	16	17	18	19	20	21	22	23	24	25	26	27	28	29	30:=
1	178	52	99	253	79	80	212	263	171	206	67	196	285	151	196	68	162	168	249	141	105	294	254	178	243	93	232	275	300	261	
2	74	95	80	208	153	144	228	296	241	269	269	198	265	259	170	131	203	106	122	142	82	116	157	215	291	293	230	65	129	244	
3	104	202	95	143	97	167	130	138	67	218	221	99	287	179	167	86	109	120	74	185	122	84	174	135	277	60	218	79	160	201	
4	116	198	135	278	148	114	181	120	274	69	236	185	74	151	253	101	81	117	110	73	230	250	63	70	265	291	182	171	294	253	
5	94	258	293	134	285	215	82	272	190	281	85	90	156	268	113	280	53	109	279	113	70	225	149	145	123	173	145	234	233	56	
6	67	65	290	187	52	69	265	106	151	146	264	215	111	54	129	268	223	111	292	104	289	185	177	145	171	291	101	190	83	223	
7	204	268	51	157	138	167	57	106	245	263	77	252	79	212	53	297	295	200	132	104	208	154	102	113	62	115	272	83	194	218	
8	84	100	83	131	272	180	234	216	144	241	156	293	123	177	252	290	267	150	169	150	229	247	75	166	287	287	74	70	175	134	
9	281	196	210	189	163	231	289	165	152	299	219	77	277	71	113	155	165	217	236	218	244	281	283	54	186	162	196	153	164	183	
10	75	274	196	144	134	124	83	263	247	66	135	289	228	185	202	294	94	200	216	200	238	230	268	139	155	261	70	51	157	82	
11	260	160	231	237	206	279	222	285	249	236	203	176	250	137	99	144	102	86	279	71	176	210	165	254	86	299	168	151	117	130	
12	206	255	178	289	275	74	144	131	233	216	55	208	159	254	291	73	288	210	147	76	156	95	78	55	219	128	136	258	91	112	
13	195	148	252	286	290	187	91	262	209	215	243	109	293	130	155	276	273	205	149	74	244	212	92	290	241	241	213	91	198	85	
14	79	79	189	235	108	54	296	142	137	212	90	261	156	62	105	256	110	127	190	265	93	137	141	240	296	115	243	298	159	51	
15	212	68	168	129	283	77	104	136	271	201	285	251	213	93	152	68	72	105	124	255	125	194	199	270	186	73	205	187	150	291	
16	201	169	153	298	272	292	292	106	222	227	191	287	217	286	167	69	193	229	199	56	175	52	136	118	153	178	289	139	241	98	
17	269	101	140	179	115	123	211	199	188	202	168	249	220	127	182	51	276	74	112	92	140	284	261	208	122	67	178	187	113	218	
18	94	64	206	251	201	124	186	297	124	124	218	175	208	145	233	221	227	243	219	184	292	267	235	104	249	279	200	272	76	118	
19	152	220	91	164	96	157	181	269	256	257	115	261	67	153	166	284	245	85	242	227	245	228	61	161	124	53	158	74	156	61	
20	118	251	171	226	237	66	58	260	226	157	90	226	267	196	123	251	177	252	144	92	207	183	145	190	56	235	177	214	79	158	
21	276	257	180	259	122	292	290	166	74	208	133	162	224	235	97	276	143	168	155	65	202	178	136	239	182	224	140	297	185	123	
22	271	201	130	258	201	133	162	57	180	270	135	193	57	110	151	281	238	218	180	195	162	175	270	206	295	156	124	188	235	150	
23	248	178	241	202	131	192	151	104	219	83	80	216	108	260	178	287	244	174	164	170	184	293	75	272	95	163	226	173	128	242	
24	62	170	67	64	246	227	110	195	187	216	234	263	126	63	90	148	273	228	265	92	241	70	165	195	148	110	59	171	152	190	
25	184	239	183	80	259	286	119	189	216	96	290	93	241	254	215	104	73	90	53	189	169	120	100	241	58	212	222	190	124	95	
26	147	219	95	133	297	202	233	210	255	131	270	286	128	271	229	142	182	66	151	74	185	232	292	123	113	71	175	71	200	57	
27	93	162	154	109	145	73	150	294	163	149	188	149	94	125	225	128	180	80	127	163	114	163	181	253	243	258	86	157	251	268	
28	243	248	142	117	216	225	296	215	182	97	256	151	297	81	76	232	83	255	225	53	59	134	93	251	95	224	267	139	127	215	
29	254	214	140	183	187	82	70	121	298	254	199	88	198	111	63	91	278	249	262	170	195	65	282	231	119	237	205	280	263	157	
30	130	274	193	73	228	243	149	193	279	243	160	231	172	178	238	77	119	298	85	89	279	124	133	229	78	136	72	159	169	63	
31	52	155	102	134	123	153	133	98	115	282	66	96	216	57	245	193	57	199	188	168	192	282	64	174	80	216	70	275	218	299	
32	272	248	227	161	53	111	56	283	230	67	74	296	112	100	203	211	169	153	149	188	53	219	156	229	272	201	267	169	241	100	
33	225	190	249	222	54	123	237	286	186	118	255	280	131	190	134	154	54	241	92	152	188	234	57	205	192	239	100	261	224	86	
34	229	130	115	229	72	181	226	236	121	51	74	231	197	64	109	270	268	64	158	84	199	266	238	267	182	227	219	51	296	193	
35	121	176	280	203	188	239	257	135	129	84	251	143	122	239	53	51	231	289	261	225	248	191	237	247	126	252	94	135	278	288	
36	211	191	289	220	212	114	64	121	155	216	56	68	244	267	292	210	74	277	261	278	86	280	251	85	270	86	248	201	139	260	
37	217	127	210	193	264	251	120	191	92	289	242	262	60	73	136	228	167	239	226	154	235	234	103	218	190	188	231	293	114	209	
38	133	135	205	135	62	263	280	239	140	70	75	299	71	272	67	161	83	111	148	73	260	297	157	54	282	230	216	70	205	94	
39	89	56	178	272	185	76	256	210	57	89	274	192	255	199	192	241	208	247	275	281	91	125	231	191	257	69	95	177	296	150	
40	283	150	66	97	254	275	284	78	263	295	76	156	244	209	147	156	112	224	252	114	90	78	140	213	281	180	223	93	117	100	
41	65	293	284	196	289	261	271	187	181	139	253	220	116	223	78	142	161	110	175	252	230	287	190	282	168	193	227	162	100	64	
42	221	119	68	103	288	288	182	103	254	249	265	172	66	56	140	109	288	65	282	141	224	204	298	240	104	216	61	80	59	252	
43	297	173	166	282	70	161	222	194	141	260	74	285	192	79	62	63	255	294	128	247	227	254	188	88	264	149	71	199	120	142	
44	299	222	132	118	119	176	219	147	241	218	82	196	205	222	266	273	275	62	101	123	98	169	87	134	270	140	70	247	75	280	
45	78	174	270	182	59	238	178	135	154	266	236	184	173	208	216	290	293	225	282	208	153	220	258	90	134	98	225	259	252	137	
46	157	108	226	97	127	122	172	220	81	238	261	263	107	107	296	152	242	90	236	212	167	55	263	71	277	78	96	185	243	54	
47	177	51	104	102	189	291	121	238	166	270	205	297	199	109	274	66	284	55	54	51	128	136	240	56	112	178	81	102	127	245	
48	114	235	93	247	135	296	77	224	235	138	236	253	201	123	257	190	262	245	115	63	263	179	216	58	261	136	149	101	96	246	
49	289	61	180	124	128	172	190	163	256	277	93	68	257	264	115	217	269	236	93	91	202	54	57	243	53	110	109	92	193	83	
50	158	86	153	297	273	267	98	224	59	144	80	119	116	85	250	271	219	136	85	163	160	260	60	218	219	294	212	207	181	286	
51	185	278	115	164	160	194	179	81	113	293	261	130	274	148	277	189	91	178	78	296	150	273	244	142	288	212	98	143	168	200	
52	189	226	240	298	212	181	244	141	96	111	286	102	87	180	131	218	71	239	259	277	83	225	94	197	204	115	284	61	232	200	
53	175	276	289	190	285	168	100	205	83	243	239	121	260	242	262	287	164	284	132	121	294	105	232	261	69	204	92	273	60	286	
54	198	242	164	85	160	300	145	168	219	189	71	193	154	101	122	251	69	148	234	62	253	267	289	226	283	53	277	62	251	287	
55	257	220	261	242	197	179	136	208	206	132	206	247	263	193	162	67	73	57	217	173	300	278	251	143	98	286	179	176	98	182	
56	73	175	146	200	111	209	174	69	288	84	88	52	222	163	273	193	72	217	239	213	114	289	287	278	278	271	72	70	128	163	
57	69	136	114	89	214	68	226	121	89	111	246	122	288	120	239	289	75	141	261	145	272	191	204	243	155	189	251	110	59	159	
58	143	287	256	99	142	74	96	204	216	253	120	161	182	253	65	288	273	155	78	185	224	87	191	253	116	187	114	239	243	64	
59	257	68	248	71	123	212	85	286	199	126	66	183	100	141	132	253	115	295	201	218	265	172	295	60	110	271	255	80	111	259	
60	69	248	279	255	187	96	91	171	63	69	127	209	93	238	224	129	116	300	99	173	83	226	289	183	56	148	225	261	116	75	
61	121	62	240	296	211	114	113	172	262	111	251	243	63	176	81	182	175	182	124	56	298	140	120	245	120	73	210	74	249	152	
62	132	229	179	71	53	172	283	75	188	134	298	163	236	105	273	165	261	167	189	296	88	255	57	86	264	162	293	293	67	256	
63	227	68	285	104	173	241	130	156	87	64	61	238	270	131	265	201	56	291	253	114	150	178	117	82	185	112	187	209	239	60	
64	164	207	139	67	172	237	213	293	92	147	135	129	293	57	223	83	258	217	267	70	93	271	133	293	58	126	237	128	66	189	
65	158	243	190	123	283	243	174	298	218	79	141	235	222	198	76	59	110	61	170	209	295	208	88	284	134	187	266	265	82	118	
66	115	272	214	236	111	121	119	105	88	142	119	107	212	277	118	280	171	255	227	277	241	175	174	141	100	240	214	256	289	79	
67	191	249	183	248	283	154	147	95	268	286	134	70	95	193	155	125	254	226	139	218	80	235	135	254	102	226	165	271	96	288	
68	139	177	231	91	225	90	266	278	105	220	254	163	195	216	157	82	181	189	244	136	194	148	250	260	249	230	123	259	191	193	
69	154	87	109	286	129	158	263	233	62	145	173	286	198	264	97	116	57	79	131	262	176	225	107	141	300	110	287	282	208	277	
70	108	163	181	60	253	269	79	176	171	265	228	106	94	268	85	85	286	77	165	58	212	83	228	232	52	115	227	52	127	180	
71	72	97	224	218	194	207	145	277	101	159	163	224	146	242	68	91	82	260	192	90	161	107	210	249	136	216	59	144	252	267	
72	191	221	213	239	254	134	234	260	191	151	243	209	94	97	160	161	78	231	258	187	190	124	157	251	158	168	183	279	300	244	
73	67	134	127	235	143	127	283	119	198	101	56	297	274	165	226	154	196	177	72	205	215	245	218	250	190	62	200	167	66	86	
74	241	78	80	147	200	186	168	108	290	222	252	173	177	193	115	61	130	122	152	67	221	154	224	206	152	128	231	95	251	107	
75	92	287	108	238	210	206	105	116	122	179	294	85	150	141	247	79	106	145	143	240	204	83	284	87	86	297	61	286	215	129	
76	243	257	267	166	64	188	167	258	245	101	171	58	289	175	103	166	191	178	191	131	289	94	233	121	244	212	141	174	209	114	
77	56	219	248	65	190	123	134	277	265	105	264	96	66	71	139	187	163	180	164	181	196	234	76	279	298	285	85	240	236	141	
78	289	239	282	254	53	146	249	93	64	97	57	278	254	183	99	75	261	236	132	258	222	77	230	223	200	228	277	292	98	75	
79	110	246	161	57	160	214	225	58	83	265	134	297	290	286	290	115	245	154	83	229	110	270	230	227	244	118	59	291	297	195	
80	58	280	136	143	72	151	117	175	123	109	125	223	246	119	226	115	61	60	198	221	231	292	257	159	139	269	258	222	75	206	
81	211	129	110	290	251	88	290	63	83	157	67	220	248	277	106	93	239	178	64	200	231	57	110	60	267	145	255	246	230	288	
82	242	101	103	293	205	266	207	107	173	68	82	103	214	94	188	53	232	288	229	213	76	190	213	84	210	67	122	131	205	159	
83	67	190	247	209	84	258	146	120	168	129	182	249	178	280	103	69	110	220	262	216	246	129	286	73	63	93	300	126	168	246	
84	88	178	159	277	212	291	300	84	147	212	247	190	99	102	200	176	260	207	275	200	101	278	176	260	229	79	248	196	156	92	
85	104	180	259	215	298	51	183	287	89	76	274	241	212	162	292	77	56	95	226	258	154	165	94	121	273	181	162	254	131	181	
86	117	192	241	77	95	169	59	150	224	220	124	242	148	106	239	186	82	98	274	207	67	206	197	81	224	158	143	207	64	249	
87	157	220	282	110	258	144	121	204	194	106	195	259	127	70	114	77	272	89	79	94	201	103	202	100	194	263	56	280	119	181	
88	171	58	268	237	182	98	268	207	194	127	194	56	92	229	281	109	103	82	287	154	186	262	151	188	260	212	83	118	192	97	
89	276	198	53	147	151	123	169	252	234	124	144	184	229	246	242	240	107	176	290	246	188	214	218	212	168	223	201	98	256	123	
90	140	175	137	291	233	138	161	134	152	262	296	76	111	249	126	143	112	266	243	197	286	76	105	146	285	296	235	64	132	263	
91	193	125	103	296	137	58	196	191	281	92	212	185	245	113	227	58	63	96	112	281	263	290	65	188	231	94	200	239	288	137	
92	288	88	265	200	78	223	232	227	70	180	201	173	218	222	165	238	217	201	62	190	258	169	59	142	180	108	67	199	293	163	
93	53	171	296	141	245	179	99	71	83	98	159	205	135	146	88	117	55	290	133	135	109	205	54	274	56	76	196	190	148	83	
94	137	224	81	179	200	159	262	144	123	292	74	168	210	59	263	142	217	242	69	247	284	148	252	158	198	139	275	208	267	296	
95	139	125	149	173	214	100	291	53	228	167	253	117	124	233	124	219	248	185	266	214	196	139	174	249	91	274	222	210	184	109	
96	214	133	147	107	104	137	211	137	51	179	98	255	199	113	224	219	191	146	190	174	244	76	103	241	299	206	298	67	238	238	
97	258	123	59	134	94	262	93	256	74	115	257	156	269	74	195	250	156	77	298	233	127	133	236	277	143	218	295	103	230	76	
98	124	155	234	132	192	112	98	243	68	287	155	113	88	176	300	162	300	166	105	146	162	95	178	78	64	106	204	220	288	287	
99	208	257	96	237	115	129	108	64	175	133	77	237	186	203	94	254	189	210	225	202	220	139	263	131	209	170	196	155	190	257	
100	56	216	110	127	283	172	175	92	210	118	97	260	83	282	282	244	140	150	168	254	259	130	243	236	107	182	183	242	54	283	

[*,*,10]: 1	2	3	4	5	6	7	8	9	10	11	12	13	14	15	16	17	18	19	20	21	22	23	24	25	26	27	28	29	30:=
1	238	297	267	232	115	90	133	124	165	218	255	78	211	110	147	124	277	60	261	293	243	103	168	280	284	79	244	97	81	134	
2	79	194	101	160	246	109	204	122	83	208	236	254	170	217	228	144	287	210	273	277	273	64	96	200	144	282	291	101	172	289	
3	107	262	249	124	59	187	281	251	77	166	143	83	298	64	174	271	92	117	218	71	63	263	276	87	103	214	196	139	53	171	
4	150	231	189	278	185	86	62	248	169	272	61	102	113	264	66	281	121	294	82	165	298	263	158	126	259	273	234	106	74	200	
5	242	223	98	256	134	236	148	108	190	173	116	188	117	217	105	61	157	176	135	139	267	219	189	158	71	228	61	169	118	249	
6	189	241	175	51	205	205	51	51	266	53	157	151	252	265	248	278	250	195	150	223	220	70	210	236	198	122	123	168	118	156	
7	101	112	218	211	280	160	72	218	140	197	197	173	141	71	241	236	296	251	120	96	140	229	116	128	203	149	190	279	194	257	
8	167	199	128	209	164	284	85	115	199	81	223	239	89	275	138	132	103	291	97	90	102	196	158	249	89	152	224	84	290	65	
9	86	167	268	137	206	245	168	216	278	260	294	269	209	205	212	72	87	249	132	107	180	185	222	265	124	206	250	53	291	253	
10	55	225	93	281	242	77	92	216	185	118	192	168	296	147	270	56	107	229	183	262	250	125	294	153	241	197	141	212	80	249	
11	281	178	77	102	247	189	148	111	157	243	232	155	126	106	168	114	91	187	124	190	76	107	108	257	264	291	190	227	63	156	
12	172	148	98	269	141	233	174	77	239	116	144	85	192	235	180	194	246	154	119	205	166	190	181	154	285	170	128	84	266	145	
13	113	225	244	236	51	193	169	141	177	291	155	190	84	86	81	252	82	226	264	162	100	293	136	152	127	223	168	221	243	89	
14	287	285	229	178	260	201	154	88	159	125	76	182	165	297	89	154	186	185	256	176	127	233	207	70	175	140	288	246	143	143	
15	120	277	218	173	106	132	290	123	167	62	54	296	199	160	93	195	178	247	271	273	238	299	144	209	124	192	223	54	235	74	
16	200	261	220	69	248	86	78	233	115	164	243	258	169	53	181	81	127	183	258	89	123	225	75	233	141	66	260	136	156	117	
17	201	233	232	225	212	228	67	253	296	97	157	74	112	136	68	113	222	211	53	105	67	133	67	290	231	108	192	243	151	126	
18	280	246	268	59	223	97	300	66	146	118	100	134	102	155	122	108	293	184	149	272	220	282	126	64	151	203	266	106	242	196	
19	258	153	208	113	282	293	132	154	268	65	233	191	134	170	147	279	61	143	266	298	268	176	283	66	271	214	96	298	210	282	
20	142	299	276	131	272	127	63	67	300	171	189	178	93	149	204	227	126	173	214	70	54	270	150	241	256	51	91	66	146	273	
21	121	85	155	252	220	165	141	51	118	293	207	253	150	132	200	296	257	52	241	257	113	193	172	140	268	254	92	280	255	174	
22	63	224	123	195	195	100	285	79	162	152	235	89	109	242	281	254	177	120	65	188	258	297	177	148	114	139	244	156	276	139	
23	194	65	288	102	293	87	115	272	89	101	143	80	227	118	94	94	189	287	167	141	126	235	96	64	198	90	103	133	130	198	
24	216	266	78	98	174	137	198	94	255	271	64	186	274	178	178	157	234	241	277	274	172	291	115	297	185	70	52	114	279	149	
25	192	65	288	61	240	292	146	188	60	152	114	236	270	202	254	215	276	256	295	209	232	73	219	251	247	94	145	116	87	278	
26	118	204	244	233	288	172	68	265	188	212	260	141	69	290	158	81	215	180	252	172	172	263	61	197	69	295	150	73	284	193	
27	168	60	290	267	197	143	223	143	179	204	77	281	270	77	188	276	246	219	96	251	217	182	85	99	300	51	156	188	55	120	
28	67	177	73	101	189	296	286	269	71	256	127	300	205	296	178	263	81	289	278	118	98	107	229	218	156	191	242	137	73	265	
29	156	101	158	98	135	74	246	71	143	261	199	73	245	172	225	116	106	281	56	240	278	60	299	258	237	260	285	132	119	54	
30	85	250	234	228	128	224	274	225	76	151	126	105	93	110	73	147	190	97	184	107	192	242	282	186	261	86	85	126	230	288	
31	207	214	222	285	191	169	234	295	192	220	108	241	125	286	125	127	138	225	267	84	209	83	168	147	167	83	150	159	120	81	
32	139	251	280	56	58	166	206	71	165	202	222	124	292	203	101	253	264	273	187	53	150	126	221	249	76	53	218	188	94	196	
33	68	133	251	126	136	85	266	88	199	255	117	135	209	217	257	144	206	281	262	204	296	85	242	295	151	152	94	117	135	73	
34	276	88	138	171	60	53	67	101	128	116	178	188	186	263	87	116	217	239	89	165	204	93	263	226	121	166	57	211	227	189	
35	106	187	69	194	85	183	218	227	132	217	226	282	211	212	150	176	225	168	125	203	126	91	199	248	280	130	70	56	220	235	
36	218	282	135	91	218	224	121	101	105	171	160	124	145	117	137	233	256	281	257	235	52	97	74	121	204	52	178	164	196	76	
37	175	189	52	184	195	202	144	272	79	272	137	282	270	187	165	261	187	157	285	104	59	205	299	60	58	80	226	249	73	75	
38	189	239	183	178	89	244	198	165	209	103	138	75	98	284	194	254	223	120	221	199	205	104	261	244	90	238	63	128	114	286	
39	73	281	209	84	145	232	233	274	92	98	174	255	201	55	148	124	204	252	287	238	177	224	121	209	180	163	114	295	177	205	
40	99	297	258	178	53	93	235	228	284	267	115	152	253	95	242	91	173	61	215	173	221	85	109	97	88	137	208	82	101	96	
41	140	171	300	228	189	122	167	177	257	164	231	250	79	217	68	278	69	68	249	236	124	177	283	100	142	113	275	51	102	200	
42	289	191	133	173	297	103	83	180	153	213	212	209	176	288	209	248	299	131	203	151	116	257	126	153	105	95	145	162	271	62	
43	120	124	242	80	180	265	185	228	264	273	86	278	195	238	72	251	257	248	292	96	76	188	137	286	296	146	290	213	132	77	
44	143	163	95	101	266	204	241	94	143	125	127	176	64	217	89	82	215	117	204	194	201	221	91	270	261	220	135	102	247	58	
45	269	133	195	135	171	174	117	286	112	85	93	59	250	211	194	225	122	190	151	215	150	117	178	132	194	168	238	106	289	232	
46	278	299	105	110	85	57	269	150	172	72	140	247	185	131	297	224	85	51	184	276	225	290	112	85	226	242	290	83	90	121	
47	208	214	96	68	242	268	232	124	198	278	186	91	177	192	241	201	300	259	83	201	294	229	215	294	76	184	251	233	266	100	
48	226	293	214	125	108	258	64	260	275	249	117	220	100	294	175	60	191	296	207	145	99	172	145	285	132	276	237	97	264	182	
49	234	226	156	98	157	165	251	297	232	128	135	265	146	276	84	60	159	225	298	128	122	103	105	100	281	138	93	161	278	78	
50	92	180	260	163	116	85	163	108	167	284	120	291	296	248	112	198	179	217	120	139	251	104	147	81	217	184	300	163	184	83	
51	108	293	70	185	87	93	286	64	170	214	259	167	70	267	276	285	238	236	293	136	297	220	179	233	101	225	277	97	92	93	
52	280	133	156	171	102	292	206	81	152	137	165	169	108	195	141	173	282	95	277	167	204	213	121	74	105	81	252	161	54	197	
53	195	178	211	91	113	92	212	208	221	188	67	287	76	102	260	173	73	181	127	61	100	209	181	190	198	158	153	130	151	218	
54	256	163	96	139	268	252	211	241	176	175	198	298	157	91	175	118	217	202	195	173	280	77	110	218	186	61	116	78	239	123	
55	178	154	240	52	261	140	148	206	73	292	219	63	200	256	295	277	102	137	61	185	112	184	152	290	214	109	268	219	228	228	
56	189	170	79	269	254	60	282	171	66	124	158	95	180	64	96	270	278	175	257	292	291	144	169	138	193	182	231	283	199	110	
57	151	83	215	148	264	267	263	58	234	186	227	236	261	195	71	273	209	152	231	297	223	258	154	201	289	116	292	226	79	252	
58	100	192	73	160	101	166	176	167	164	140	275	51	143	205	52	126	78	99	112	138	142	299	66	189	79	249	160	104	152	218	
59	214	273	267	244	240	273	83	102	291	215	116	120	77	106	91	232	267	61	82	202	223	161	296	97	104	290	92	291	246	254	
60	203	210	204	156	207	140	125	96	150	243	101	225	180	187	174	257	119	174	206	96	159	74	86	156	187	299	62	174	113	98	
61	172	97	106	110	76	154	220	225	264	186	230	192	283	284	141	136	69	297	81	215	262	144	181	192	152	286	297	232	190	263	
62	200	152	148	93	104	92	272	112	243	256	221	132	83	148	242	205	112	273	228	280	290	145	188	256	242	176	248	108	190	59	
63	253	118	245	219	86	288	142	109	154	254	262	113	228	207	59	217	286	158	157	297	150	299	220	67	201	153	281	70	294	290	
64	212	264	205	153	186	227	198	283	61	199	193	106	131	132	156	129	169	107	210	109	107	129	99	114	181	59	208	140	121	294	
65	235	101	137	93	62	57	193	147	175	212	276	132	96	184	119	170	59	126	179	245	211	155	255	176	182	153	291	150	112	134	
66	228	253	143	187	62	284	235	165	182	263	228	93	169	221	56	119	115	169	158	109	274	105	92	102	300	246	190	174	188	210	
67	172	266	250	193	201	127	239	290	103	288	64	231	257	122	85	153	99	242	60	239	298	182	192	51	288	104	189	107	54	274	
68	186	197	127	185	214	214	277	213	165	118	263	64	166	244	156	159	258	112	147	174	114	87	184	88	148	88	89	298	100	64	
69	116	256	106	239	156	102	53	215	254	165	148	280	116	283	234	234	74	265	257	132	240	65	68	52	128	89	147	142	77	221	
70	204	185	143	256	256	292	176	78	56	115	158	228	94	206	164	175	90	52	197	148	101	285	159	293	61	142	121	210	162	272	
71	188	139	238	92	51	80	68	207	191	281	118	262	161	239	293	109	124	212	74	196	198	179	97	233	245	196	171	111	193	236	
72	97	209	143	254	166	113	154	68	140	182	241	156	278	233	192	269	96	144	276	59	65	83	113	71	245	268	235	103	249	96	
73	125	77	71	139	259	142	103	198	201	110	119	164	174	58	125	245	202	110	214	181	211	51	225	258	261	86	187	103	72	277	
74	209	264	89	233	291	261	88	67	122	253	277	287	70	115	285	170	186	235	275	62	73	90	233	189	204	190	280	77	216	170	
75	129	140	163	106	198	217	162	227	95	201	193	285	192	57	241	234	256	285	225	97	237	295	223	140	63	264	85	145	213	203	
76	52	247	264	224	103	218	219	207	241	278	96	241	84	215	149	192	180	232	264	246	229	245	284	240	56	96	198	261	270	62	
77	230	279	109	221	139	196	265	189	262	227	51	111	236	176	73	145	93	277	164	84	242	203	137	186	287	183	169	174	112	297	
78	71	53	96	64	233	196	99	99	74	142	252	247	277	280	72	183	58	266	209	108	106	152	218	96	160	183	151	286	245	288	
79	168	256	117	194	272	288	54	83	92	188	265	68	81	248	290	97	93	224	203	98	178	124	277	152	78	59	123	118	256	63	
80	107	204	135	185	181	76	247	216	94	196	160	213	53	137	73	128	209	147	121	223	294	82	268	120	105	187	106	176	228	51	
81	221	236	298	213	120	278	264	123	86	279	243	122	276	237	189	120	68	175	234	282	200	241	267	271	118	119	86	179	119	287	
82	105	259	213	62	154	272	249	143	103	264	163	208	228	117	290	242	285	78	154	267	275	129	229	293	299	222	222	149	140	177	
83	219	211	85	110	265	52	219	55	234	103	98	241	267	138	212	277	247	235	53	299	65	200	124	244	110	104	89	277	64	242	
84	203	272	288	185	260	114	59	86	165	198	242	201	250	95	108	179	141	224	92	73	77	175	224	145	163	152	156	218	54	99	
85	200	193	252	142	300	135	128	109	210	146	288	56	251	276	195	98	225	295	65	117	106	167	106	216	153	77	103	215	107	187	
86	58	167	108	165	94	127	76	237	294	233	199	51	160	292	298	227	184	178	241	72	127	123	129	123	107	192	278	51	155	166	
87	175	64	101	175	281	141	114	101	76	151	291	96	204	141	75	83	140	232	292	58	215	252	176	191	161	115	94	273	290	154	
88	68	88	231	110	167	83	254	173	266	209	120	127	281	88	91	94	89	216	76	243	124	136	176	240	110	289	57	234	117	166	
89	97	288	76	139	157	108	198	204	281	84	85	213	98	165	118	193	175	264	119	106	56	51	290	245	90	149	210	289	220	73	
90	206	61	203	278	51	73	186	166	138	233	276	213	123	105	109	94	283	95	115	219	178	243	191	145	177	244	270	289	209	98	
91	242	165	250	159	118	176	144	271	185	81	153	132	227	117	137	266	200	228	56	239	299	138	102	79	219	275	158	82	199	130	
92	195	267	207	200	277	186	88	52	270	90	151	113	240	151	151	122	237	191	155	232	204	172	129	221	178	219	259	239	256	140	
93	176	121	136	69	243	220	156	236	291	286	89	144	108	86	64	265	152	132	89	291	98	192	210	208	261	96	266	222	118	103	
94	245	291	127	151	228	107	170	270	225	85	286	271	291	228	227	266	173	292	169	150	51	285	132	225	242	97	226	169	163	94	
95	244	270	81	95	88	103	62	129	141	74	221	151	200	191	172	207	241	51	68	224	285	257	284	179	88	211	206	246	248	287	
96	132	280	245	290	95	51	233	198	170	191	252	209	190	88	111	60	238	240	65	84	136	181	203	242	276	191	75	88	295	87	
97	74	79	252	61	115	221	188	70	56	130	157	63	63	279	85	115	118	254	180	74	195	293	101	52	79	284	177	131	260	300	
98	264	180	186	92	101	228	289	90	189	221	189	81	300	65	67	213	196	247	258	148	153	165	223	76	215	299	63	206	200	193	
99	216	260	214	198	290	117	200	246	127	217	200	58	79	194	72	157	166	270	172	75	66	97	161	223	56	228	157	158	140	90	
100	164	118	202	169	216	110	225	287	52	88	178	132	180	55	269	130	270	69	288	216	250	122	217	203	192	236	248	106	104	106	
;

param Vopt:=
1	1177659.00
2	1145746.00
3	1195351.00
4	1181586.00
5	1266983.00
6	1133706.00
7	1218952.00
8	1214840.00
9	1193690.00
10  1181752.00
;

# When the number of scenarios is too high, the large-scale models 
# obtained may become intractable ...

# Time used: 56707.5 secs.  Memory used: 113.4 Mb.
# +913410: mip =   2.044020000e+05 >=   2.556776206e+02  99.9% (3012; 1144)
# +913517: mip =   2.044020000e+05 >=   2.556776206e+02  99.9% (3013; 1144)
# +913595: mip =   2.044020000e+05 >=   2.556776206e+02  99.9% (3014; 1144)
# +918670: mip =   2.044020000e+05 >=   3.426613185e+02  99.8% (3014; 1145)
# ...
# Time used: 69344.5 secs.  Memory used: 116.3 Mb.
# +1146941: mip =   1.922300000e+05 >=   2.529083383e+03  98.7% (3495; 1822)
# +1147133: mip =   1.922300000e+05 >=   2.529083383e+03  98.7% (3496; 1822)
# +1147436: mip =   1.922300000e+05 >=   2.529083383e+03  98.7% (3497; 1822)
# +1147575: mip =   1.922300000e+05 >=   2.529083383e+03  98.7% (3498; 1822)
# +1147629: mip =   1.922300000e+05 >=   2.529083383e+03  98.7% (3499; 1822)
# Time used: 69413.5 secs.  Memory used: 116.4 Mb.
# +1147872: mip =   1.922300000e+05 >=   2.529083383e+03  98.7% (3500; 1822)
# +1147894: mip =   1.922300000e+05 >=   2.529083383e+03  98.7% (3501; 1822)
# +1147903: mip =   1.922300000e+05 >=   2.529083383e+03  98.7% (3502; 1822)
# +1147944: mip =   1.922300000e+05 >=   2.529083383e+03  98.7% (3503; 1822)
# +1148115: mip =   1.922300000e+05 >=   2.529083383e+03  98.7% (3504; 1822)
# Time used: 69481.1 secs.  Memory used: 116.4 Mb.

end;

